Complete?,Title of Policy,Date Entered,Entered By,QC Checked By,QC Check Date,Description,Policy Type,Legal Status,Lever,Specific Lever,Participation,Jurisdiction,Location,lat,lon,Implementing Agency,Status,Date Enacted,Date in Effect,Covered Sector(s),Covered Material(s),Covered Life-Cycle Stages,Application Type,Scale of Approach,Covered Applications,Covered Impacts,Target,Target Date,Additional Targets,Compliance Mechanism,Threshold Varies?,Compliance Threshold Quantity/Range,Compliance Threshold Unit,Threshold Methodology ,Disclosure Type,Required Disclosure Standard,Required PCR,Disclosure Specificity,Disclosure Material Quantities,Disclosure Data Repository,Link(s),Archived Version,Source(s),Notes,Other
FALSE,Denmark Building Code LCA Requirement,11/30/23,"Irish, Hannah","Hayes, Jackson",3/6/2024,"National life-cycle carbon limits on new buildings. Mandatory. 2023. When applying for a building permit and when completing a building, an initial LCA (applying for permit) and final LCA (when completing a building) assessing the building's overall climate impact must be documented and complied. There are stricter voluntary targets",Law ,Statutory,Regulatory ,Building Standard,Both Mandatory and Voluntary Aspects,National,Denmark,56.077104,9.257344,"Danish Transport, Construction, and Housing Authority",Active,2020,2023,NA,NA,NA,Buildings,Project Level,"All new buildings (LCA for under 1000m^2, thresholds for above)",GHG Emissions,Maximum GWP target of 7 kgCO2/m^2 ,2029,"10.5kgCO2/m^2 2027, 9 kgCO2/m^2 by 2027, for all building sizes ",Life Cycle Asessment,No,12,kgCO2/m^2,NA,LCA,NA,NA,Project,NA,NA,"https://nordicsustainableconstruction.com/news/2023/january/denmark-introduces-co2-limit-for-new-constructions#:~:text=The%20new%20Danish%20requirements%20entail,per%20square%20meters%20per%20year. https://greensurvey.dk/onewebmedia/New%20building%20regulations.pdf",https://ucsb.box.com/s/hjo9keboktwgkqm1mybdodpszlys5uf4 https://ucsb.box.com/s/1w9vja1rfvz09zdm3ruvaafrv7p182ie,,,
FALSE,City of Vancouver Embodied Carbon Guidelines,11/30/23,"Irish, Hannah","Hayes, Jackson",,,By-Law ,Statutory,Regulatory ,Building Standard,Mandatory,City,"Vancouver, British Columbia, Canada",49.25204,-123.112362,CIty of Vancouver,Active,2022,2023,"3273, 3311, 3313, 32199","Concrete, Insulation, Windows and Glazing, Rebar, Steel, Aluminum, Wood","A1, A2, A3, A4, A5, C1, C2,  C3, C4",Buildings,Project Level; Product Level,"Part 3 Buildings: exceeding 600 m^2 in building area, or exceeding 3 stories; new buildings or major additions",GHG Emissions,40% reduction in embodied carbon in construction,2030,NA,"whole buiding LCA, EPD for products",No,400,kgCo2e/m^2,Survey of 2017-2023 embodied carbon submissions data,Embodied Carbon Design Report + Raw Data,ISO 21930,NA,"Project; Product -- industry or product-specific, depends on material",NA,NA,https://vancouver.ca/files/cov/embodied-carbon-guidelines.pdf,https://ucsb.box.com/s/vkyvusp8p7vwpqk51txexsuoitq86136,,,
FALSE,Singapore's Green Building Masterplan,12/11/2023,"Hayes, Jackson",,,"Singapore's Green Building Masterplan was updated in 2021 including the Building and Construction Authority's Green Mark certification scheme that includes language on raising energy performance standards and placing greater emphasis on other important sustainability outcomes such as designing for maintainability, reducing embodied carbon across a building's life cycle, and creating healthier environments for building users. The Green Mark 2021 scheme is aligned with the United Nations' Sustainability Development Goals.",Standard ,Statutory,Regulatory,Building standard,Mandatory,National,Singapore,1.350283,103.821772,Singapore Building and Construction Authority,Active,2021,2022,"3273, 32721, 3312","Concrete, Glass, Steel ","A1, A2, A3, A4, A5",Buildings,Product,Buildings,GHG Emissions,80% Buildings in Compliance with Green Mark 2021,2030,,Green Mark 2021,NA,"10% Reduction from baseline, 20% reduction from baseline",kgCO2/m^2,NA,Project," ISO 21930, ISO 14067,  ISO 14025, ISO 14040, ISO 14044",NA,Project,NA,NA,"https://www1.bca.gov.sg/buildsg/sustainability/green-building-masterplans#:~:text=The%20SGBMP%20aims%20to%20deliver,80%2D80%20in%202030%E2%80%9D.&text=The%20earlier%20editions%20of%20the,Singapore's%20buildings%20have%20been%20greened",https://app.box.com/file/1389298311751,,,
TRUE,Executive Directive No. 25,11/16/2023,"Irish, Hannah","Hayes, Jackson",12/1/23,"Under Executive Directive No. 25, the Los Angeles, the Mayor's office delegated to the LA General Services Department that all new municapply-owned buildings or major rennovations be designed to reach carbon neutrality by 2030; the Mayor's office also directs the Bureau of Engineering to adopt the Buy Clean California Act Guidelines",Executive Order ,Non-Statutory,Market-Based Incentive; Executive Delegation,Procurement Policy,Mandatory,City,"Los Angeles, CA, USA",34.069978,-118.336201,"Bureau of Engineering, General Services Department",,2020,2021,"331221, 3311, 327211, 321","Hot-Rolled Structural Steel, Hollow structural sections, steel plate, concrete reinforcing steel, flat glass, light-density mineral wood board insulation, heavy-density mineral wood board insulation","A1, A2, A3",Municipally-Owned,Product-level,Buildings,GHG Emissions,Carbon neutrality for new and rennovated municapally-owned buildings,2030,NA,EPD,"Yes, See Supporting Documents","1010, 1710, 1490, 890, 1430, 3.33, 8.16","kg CO2eq, CO2eq, CO2eq, CO2eq, CO2eq, 1 m2of insulation at RSI=1, 1 m2of insulation at RSI=1 ",Industry average,EPD,ISO 14025:2006,"Part B: Product Category Rule (PCR) Guidance for Building-Related Products and Services Part B: Designated Steel Construction Product EPD Requirements, UL; NGA PCR for Flat Glass: UN CPC 3711, NSF International; Part B: Building Envelope Thermal Insulation EPD Requirements, UL Environment",Product,NA,NA,"https://lacity.gov/sites/g/files/wph2121/files/2021-04/20200210executivedirective25.pdf 

",https://ucsb.box.com/s/vplyasqh05swvylsy4naeyp6epsx44wv,,,
TRUE,Buy Clean California Act,11/9/2023,"Irish, Hannah","Hayes, Jackson",12/1/23,"Procurement policy requiring materials (Structural Steel and concrete reinforcing steel, flat glass, mineral wood board insulation) to meet maximum GWP limits as certified by an EPD to be eligible for inclusion in a state public construction project",Law ,Statutory,Market-Based Incentive,Procurement Policy,Mandatory,U.S. State,"CA, USA",37.22544,-119.855923,California Department of General Services; California Air Resources Board,Active,2017,2022,"331221, 3311, 327211, 321","Hot-Rolled Structural Steel, Hollow structural sections, steel plate, concrete reinforcing steel, flat glass, light-density mineral wood board insulation, heavy-density mineral wood board insulation","A1, A2, A3",Public Projects,Product-level,All public works projects,GHG Emissions,NA,NA,"2025 and every 3 years, new maximum acceptable GWP",EPD Type III,"Yes, See Supporting Documents","1010, 1710, 1490, 890, 1430, 3.33, 8.16","kg CO2eq, CO2eq, CO2eq, CO2eq, CO2eq, 1 m2of insulation at RSI=1, 1 m2of insulation at RSI=1 ",Industry average,EPD,ISO 14025:2006,"Part B: Product Category Rule (PCR) Guidance for Building-Related Products and Services Part B: Designated Steel Construction Product EPD Requirements, UL; NGA PCR for Flat Glass: UN CPC 3711, NSF International; Part B: Building Envelope Thermal Insulation EPD Requirements, UL Environment",Product,NA,NA,https://leginfo.legislature.ca.gov/faces/codes_displayText.xhtml?division=2.&chapter=3.&part=1.&lawCode=PCC&article=5.,https://ucsb.box.com/s/vplyasqh05swvylsy4naeyp6epsx44wv,,,
TRUE,Low Embodied Carbon Concrete Standards for all GSA Projects,11/9/2023,"Irish, Hannah","Hayes, Jackson",12/1/23,Procurement policy requiring concrete to meet or be below maximum GWP threshold to be eligible to be included in all GSA-funded projects,Law ,Statutory,Market-Based Incentive,Procurement Policy,Mandatory,National,USA,40.943725,-101.352272,US General Services Association,Active,2022,2022,3273,Concrete,"A1, A2, A3",Public Projects,Product-level,All federal construction projects,GHG Emissions,20% reduction from GWP (CO2e) limits,NA,NA,EPD Type III,"Yes, See Supporting Documents",242-524,CO2e kg/m^3,"""20% reduction from GWP (CO2e) limits in proposed code language: ""Lifecycle GHG Impacts in Building Codes"" by the New Buildings Institute, January 2022",EPD,ISO 14025:2006,"PCR for Concrete, NSF",Product,NA,Email to embodiedcarbon@gsa.gov; GSA Project Management Information System,https://www.gsa.gov/system/files/Low%20embodied%20carbon%20concrete%20SOW%20language-Sept%202022.pdf,https://ucsb.box.com/s/x0uyxnp9jenpbvhol12875g01lo4owun,,,
TRUE,Marin County Low Carbon Concrete Code,11/12/2023,"Hayes, Jackson","Irish, Hannah",11/21/2023,,,Statutory,Regulatory ,Building Mandate,Mandatory,County,"Marin County, CA, USA",38.036772,-122.703416,County of Marin,Active,2019,NA,3273,Concrete,"A1,A2,A3",Public and private new construction,Project Level,Buildings,GHG Emissions,NA,NA,NA,EPD,"Yes, See Supporting Documents",260-675,kgCO2e/m^3,NA,EPD,"ISO 14025, ISO 21930","PCR for Concrete, NSF",Product,NA,NA,https://library.municode.com/ca/marin_county/codes/municipal_code?nodeId=TIT19MACOBUCO_CH19.07CACORE_19.07.020DE,https://ucsb.box.com/s/572hoivx3xwth96v5n4moj1otkig5xrw,,,
TRUE,NYS Buy Clean Concrete,11/16/2023,"Irish, Hannah","Hayes, Jackson",12/17/23,"The NYS Buy Clean Concrete guidelines implements S542A, signed into law as State Finance Law 135-d December 2021, effective June 2022. The law calls for the Office of General Services (OGS) to establish guidelines requiring the procurement of low embodied carbon concrete on projects deemed appropriate by the office. The Law is intended to increase the: use and innovation of low carbon concrete in state procurement projects. The guidelines below were developed with input from a diverse group of stakeholders in concrete and government procurement in the state of New York during Q1 - Q3 2023",Law ,Statutory,Market-Based Incentive,Procurement Policy,Both Mandatory and Voluntary Aspects,U.S. State,"NY, USA",43.014276,-74.870106,New York Office of General Services,Active,2021,2022,3273,Concrete mixes,NA,State agency contracts exceeding $1 million that involve the use of at least 50 cubic yards of concrete,Product-level,"Building, transportation",GHG Emissions,NA,NA,2027 and subsequent years,EPD,"Yes, See Supporting Documents",275-541,kgCO2eq/y^3,150% of the Eastern Region average GWP figures from the National Ready Mix Concrete Associations’ “A Cradle-to-Gate Life Cycle Assessment of Ready-Mixed Concrete Manufactured by NRMCA Members,EPD,NA,NA,Product,50 cubic yards of concrete,NA,https://ogs.ny.gov/nys-buy-clean-concrete-guidelines-0,https://ucsb.box.com/s/tc6v8w70gkjh7zhwoq3cjk8pvp0w49z2,,,
FALSE,Canda Green Procurement Policy Standard on Embodied Carbon in Construction,12/7/2023,"Irish, Hannah",,,Inclusion in new construction products of projects over $10million and 100m3 must include EPDs of concrete mixes used so that the total kgCO2/m3 in the project is at least 10% below the industry baseline,Standard ,Statutory,Market-Based Incentive,Procurement Policy,Mandatory,National,Canada,58.609842,-106.722656,Government of Canada,Active,2018,2022,3273,Concrete,"A1, A2, A3",Buildings,Project Level,"New construction or renovation above material quantity threshold; $10 million solicitations 2022, $5 million solicitations after 2024",GHG emissions,NA,NA,NA,Reporting of total project-level CO2 emissions,No,At least 10% less than GHG baseline,kgCO2/m^3,Regional Industry Average Environmental Product Declaration,EPD Type III,ISO 14025,NSF International Product Category Rule (PCR) for Concrete ,Product,100 m3 (sum of all mixes used),NA,https://www.tbs-sct.canada.ca/pol/doc-eng.aspx?id=32742,https://ucsb.box.com/s/1crsolp2tzwjm15do05mo43zq5pctxh8,,,
FALSE,Draft Green Public Procurement Strategy and Action Plan 2023-2027,12/11/2023,"Irish, Hannah",,,"An update to the current Green Tender plan, this GPP strategy action plan will require the Irish government to publish GPP rules for public works projects, including the following of design guidelines for different materials used in the production of public and commercial buildings",Plan,Non-Statutory,NA,NA,NA,National,Ireland,53.120961,-7.923066,"Ireland Department of the Environment, Climate and Communications",Proposed,2023,NA,"321, 3273","Wood, Concrete",NA,Buildings,Product,Public and Commercial buildings,GWP,30% reduction in embodied carbon in construction materials,2030,Support the deliver of emissions savings of 375 KtCO2 in public (and commercial) buildings and by 735 KtCo2 by 2030,EPD,NA,NA,NA,NA,Product,EN 15804,NA,EPD when possible,NA,EPD Ireland,https://assets.gov.ie/271900/967d9357-f76f-40be-a939-aaae7518f067.pdf,https://ucsb.box.com/s/n493qnx1t6u13lxs7jlxhkbabza253o2,,,
FALSE,LondonPlan,12/14/2023,"Hayes, Jackson",,,"Policy S12: Minimzing GHG emissions requires Whole Lie Carbon assessments (operational and embodied cabron assessment for A, B, and C stages; The GLA guidance on WLC assessments follows EN 15978 (the European standard for measuring building performance) and the 2017 RICS (Royal Institute of Chartered Surveyors) Professional Statement: Whole life carbon assessment for the built environment - Policy S17: Reducing waste and supporting the circular economy (reuqires Circular Eocnomy statement to be submitted alongside all referable proposals)",Plan,Non-Statutory,Plan,NA,NA,City,"London, England, UK",51.09865,-0.118092,Greater London Authority,Active,2021,2021,NA,NA,"A1, A2, A3, A4, A5",Materials,Product,Buildings Materials,GHG Emissions,Include embodied carbon in a building's emissions.,2021,NA,NA,NA,NA,NA,NA,NA,NA,NA,NA,NA,NA,https://www.london.gov.uk/sites/default/files/the_london_plan_2021.pdf,https://app.box.com/file/1389307530524,,,
FALSE,CleanBC,12/14/2023,"Hayes, Jackson",,,"CleanBC has a Roadmap to 2030, which among many goals, aims to reduce embodied carbon by using more low-carbon building materials, such as mass timber, wood-based insulation, carbon-absorbing concrete, and concrete made with lignin fibres from trees and other plants. To accomplish this, the government will develop a Low Carbon Building Materials Strategy by 2030 that includes a holistic approach to decarbonizing buildings, initially emphasizing public sector buildings, by 2030.",Plan,Non-Statutory,Plan,NA,NA,National,"British Columbia, Canada",55.340666,-124.209903,British Columbia,Active,2018,2021,3219,Wood,NA,Buildings,Product,Buildings,GHG Emissions,Develop Low Carbon Building Strategy,2023,NA,NA,NA,NA,NA,NA,NA,NA,NA,NA,NA,NA,https://www2.gov.bc.ca/assets/gov/environment/climate-change/action/cleanbc/cleanbc_roadmap_2030.pdf,https://app.box.com/file/1389303950239,,,
FALSE,Washington HB 1080,12/19/2023,"Hayes, Jackson",,,The 2021-23 Biennium Budgets fund the creation of a database to track materials purchased for state-funded infrastructure projects and two large Buy Clean and Buy Fair pilot projects.,Law ,Non-Statutory,Plan,NA,NA,U.S. State,"Washington, USA",47.081806,-120.512191,State of Washington,Active,2019,2021,NA,NA,NA,Public Infrastructure,Project,Public Infrastructure Projects,GHG Emissions,"Develop Pilot Study for Buy Clean, Quantify embodied carbon",2023,NA,NA,NA,NA,NA,NA,NA,N,NA,NA,NA,NA,https://lawfilesext.leg.wa.gov/biennium/2021-22/Pdf/Amendments/Senate/1080-S%20AMS%20FROC%20S3081.3.pdf,https://app.box.com/file/1393370121454,,See Sec. 7020,
FALSE,Greening Government Strategy,11/26/23,"Irish, Hannah","Hayes, Jackson",3/6/2024,The government must reduce embodied carbon of the structural materials of major construction projets by 30% starting 2025,Plan,Non-Statutory,Plan,NA,NA,National,Canada,58.609842,-106.722656,Canadian Federal Government,NA,2020,NA,NA,NA,NA,Major construction projects,Product Level,Major construction projects,NA,Reduction of embodied carbon of structural materials of major construction projects by 30%,2025,NA 2025,Disclosure of embodied carbon of products through life-cycle analysis of major building projects,NA,NA,NA,Life-cycle analysis,NA,NA,NA,NA,NA,NA,https://www.canada.ca/en/treasury-board-secretariat/services/innovation/greening-government/strategy.html#toc3-5,https://ucsb.box.com/s/xi5unm3u68uiezydtnb5rljlyhhdjgoq,,,
FALSE,Budapest C40 Clean Construction Declaration,11/20/2023,"Hayes, Jackson",,,Clean Construction Declaration commitment and intended actiopproaches,Plan,Non-Statutory,Plan,NA,Voluntary,City,"Budapest, Hungary",47.479082,19.076958,C40 Cities,Active,2021,2022,236,NA,"A1, A2, A3, A4, A5",Public Projects,Project Level,"Buildings, Infrastructure",GHG Emissions,Zero Emissions,2030,2025,NA,NA,NA,NA,NA,NA,NA,NA,NA,NA,NA,https://www.c40.org/wp-content/uploads/2021/11/CLEAN_CONSTRUCTION_CITIES_101121.pdf,https://app.box.com/file/1373119724572,,,
FALSE,Austin Community Climate Plan,11/27/23,"Irish, Hannah","Hayes, Jackson",3/6/2024,The City of Austin Climate Equity Action Plan has a goal to reduce the embodied carbon footprint of building materials used in local construction by 40% by 2030 from a 2020 baseline,Plan,Non-Statutory,Plan,NA,NA,City,"Austin, TX, USA",30.304797,-97.73789,Austin City Council,NA,2015,NA,NA,NA,NA,Buildings,Project Level,"All new buildings, existing buildings",GHG emissions,"Net-Zero Carbon new buildings, exisiting building emissions reduced by 25%, embodied carbon footprint of buiilding materials used in local construction reduced by 40%",2030,NA,NA,NA,NA,NA,NA,NA,NA,NA,NA,NA,NA,"https://www.austintexas.gov/page/austin-climate-equity-plan#:~:text=All%20new%20buildings%20are%20net,construction%20is%20reduced%20by%2040%25.",https://ucsb.box.com/s/cjxsjdxoteiic7nmc85y5xc00w0umy1u,,,
FALSE,Denver Building Sector Embodied Carbon Emissions Reccomendations,12/1/2023,"Hayes, Jackson",,,Key recommendations for Denver as it considers widening building policies to address both operational and embodied carbon emissions.  Embodied carbon can be reduced and optimized by adapting to different materials and specifications. ,Recommendation,Non-Statutory,NA,NA,Voluntary,City,"Denver, Colorado, USA",39.740583,-104.938882,"Denver Climate Action, Resiliency, and Sustainability",Active,2021,NA,"3212, 3273, 32199, 3313","Concrete
 Steel
Wood ","A1, A2, A3, A4, A5, C1, C2, C3",Buildings,Product Level,All Buildings,GHG Emissions,Unspecified Reduction,2030,mid-2020s,NA,NA,NA,NA,NA,NA,NA,NA,NA,NA,NA,https://www.denvergov.org/files/assets/public/v/1/climate-action/documents/hpbh/nze/denvers-building-sector-embodied-carbon-emissions-june-2021.pdf,https://app.box.com/file/1377319607861,,,
FALSE,Township of Douro-Dummer Sustainable Development Program,11/26/23,"Irish, Hannah",,,"Approved single family, detached dwelling homes will receive a rebate for 40 to 80% reduction in project permitting fees sould they reach a carbon compliance threshold or reach carbon neutrality, respectively",Voluntary Program,Non-Statutory,Financial Incentive,Rebate,Voluntary,Township/Metropolitan Area,"Township of Douro-Dummer, Ontario, Canada",44.451964,-78.116992,Township of Duoro-Dummer,Active,2020,2020,NA,NA,NA,Single family detached dwellings,Project Level,Buildings,GHG Emissions,29% reduction in community sector GHG emissions,2031,NA,"Report Submission, Application Approval",NA,NA,kgCO2e/m^2,Carbon Calculator with floor area,Report,NA,NA,Building,NA,NA,"https://www.dourodummer.ca/en/building-and-renovating/resources/Sustainable-Development-Guidelines-2020.pdf
https://www.dourodummer.ca/en/building-and-renovating/sustainable-development-program.aspx",https://ucsb.box.com/s/rmek898tdp0he70zqowjw2pilj7vlybq,,,
FALSE,Boulder Climate Action Plan - Embodied Emissions,12/1/2023,"Hayes, Jackson",,,"Boulder's Climate Action Plan lists an ambitious target to embodied carbon reduction. Under their objectives to achieve Net Zero carbon in new construction, the city is targeting to achieve a 40% reduction in embodied emissions by 2031. Starting in 2023, Boulder requires all new construction to conduct an analysis of embodied energy of the project, providing subsidies to offset the costs.",Plan,Non-Statutory,Plan,NA,NA,City,"Boulder, Colorado, CA",40.016822,-105.2568,City of Boulder,Active,2021,2021,NA,NA,"A1, A2, A3, A4, A5",Buildings,Project Level,All Buildings,GHG Emissions,40% reduction in embodied carbon emissions,2031,"By 2023, all new residential and commercial construction will be built electric ready. By 2023, require all new construction to conduct an analysis of embodied energy of the project, providing subsidies to offset the costs. By 2024, stand up a regional embodied energy roundtable of developers, architects, and contractors. By 2026, average EUI of commercial construction will be reduced 60% compared to a 2016 baseline. By 2026, partner with other communities and community stakeholders to collaborate on purchasing low carbon building materials for all future city operations",Life Cycle Asessment,NA,NA,NA,NA,LCA,NA,NA,NA,NA,NA,,,,,
FALSE,Finland Voluntary Green Public Procurement of Low-Carbon Buildings,12/7/2023,"Irish, Hannah",,,lon,Voluntary Program,Non-Statutory,NA,NA,Voluntary,National,Finland,63.148252,26.381257,"Ministry of Finance, Ministry of Environment",Active,2016,2020,NA,NA,"A1, A2, A3, A4, A5, C1, C2, C3, C4",Buildings,Project Level,"New buildings, extensive repairs","GHG emissions, energy efficiency",Carbon Neutrality,2035,Mandatory standards 2025,LCA,NA,NA,NA,NA,LCA,"ISO 14040, EN ISO 14044, ISO 14067",NA,Project,NA,Database planned,https://acris.aalto.fi/ws/portalfiles/portal/53964010/30_1541_1_PB.pdf,https://ucsb.box.com/s/e4yl4faezi7i4vw167h2cop36sikom0e,,,
FALSE,Edmonton Climate Resilient Policy C627,11/16/23,"Irish, Hannah",,,"This policy requires that all new buildings are built to an emissions-neutral standard. Embodied carbon analysis is completed for new construction and ideas such as passive design strategies, well-insulated building envelopes, and the use of energy-efficient technologies like LED lighting are encouraged. All New Construction shall require Embodied Carbon assessments (From Carbon Leadership Forum)",Plan,Non-Statutory,Plan,Commitment of Priority,NA,City,"Edmonton, Alberta, Canada",53.523623,-113.504164,City of Edmonton,Active,2021,NA,NA,NA,NA,NA,NA,NA,GHG Emissions,Carbon neutrality,2050,"35% reduction by 2025, 50% reduction by 2030",NA,NA,NA,NA,NA,NA,NA,NA,NA,NA,NA,https://www.edmonton.ca/sites/default/files/public-files/assets/PoliciesDirectives/C627.pdf?cb=1658876454,https://ucsb.box.com/s/u4ox17vnbmvsxgbk6msu9ptvknjv693r,,,
FALSE,No. 594: Leading By Example: Decarbonizing and Minimizing Environmental Impacts of State Government,11/5/2023,"Hayes, Jackson","Irish, Hannah",11/21/2023,"This executive order from the MA governor sets carbon neutrality goals for the state as well as requires state agencies to assess and implement strategies to mitigate ghg and other environmental impacts when planning for and executing projects relating to the design, construction, operations, and maintenance of state facilities, and the procurement of goods and services. All state agency new construction after July 201 must certify to LEED silver or higher",Executive Order ,Non-Statutory,Regulatory ,Procurement Policy,Mandatory,U.S. State,"MA, USA",42.366524,-71.914248,"Massachussetts Department of Energy Resources
Division of Capital Asset Management",Active,2021,2021,NA,NA,NA,State-Funded,Project Level,"Buildings, Transportation","Buildings, Transportation, Land use",Net Zero,2050,"2025, 2030, 2040, 2050",LEED,NA,NA,NA,NA,NA,NA,NA,NA,NA,NA,"https://www.mass.gov/executive-orders/no-594-leading-by-example-decarbonizing-and-minimizing-environmental-impacts-of-state-government#:~:text=All%20agencies%20shall%20assess%20and,goods%20and%20services%2C%20including%20vehicles.",https://ucsb.box.com/s/vplyasqh05swvylsy4naeyp6epsx44wv https://ucsb.box.com/s/vplyasqh05swvylsy4naeyp6epsx44wv,,,
TRUE,Michigan Healthy Climate Plan,11/16/2023,"Hayes, Jackson","Irish, Hannah",11/21/2023,"The MI Healthy Climate Plan is a comprehensive strategy developed by the Michigan Department of Environment, Great Lakes, and Energy (EGLE) to achieve economy-wide carbon neutrality in Michigan by 2050, with aggressive interim targets. The plan addresses the impacts of climate change in Michigan and outlines actions to reduce greenhouse gas emissions, improve health outcomes, right environmental injustices, and create economic opportunities. The plan notes buy clean as a priority method for decreasing material carbon levels in buildings",Plan,Non-Statutory,Plan,Resolution,Both Mandatory and Voluntary Aspects,U.S. State,"MI, USA",43.290332,-84.578704,"Michigan Department of Environment, Great Lakes, and Energy",Active,2022,NA,"3273, 3311","Cement, steel, iron",NA,NA,NA,NA,GHG Emissions,Carbon Neutrality,2050,2030,2021 IECC,No,NA,NA,NA,NA,NA,NA,NA,NA,NA,https://www.michigan.gov/egle/-/media/Project/Websites/egle/Documents/Offices/OCE/MI-Healthy-Climate-Plan.pdf?rev=d13f4adc2b1d45909bd708cafccbfffa&hash=99437BF2709B9B3471D16FC1EC692588,https://ucsb.box.com/s/54cc9737ny6ah3qjjcj5btmxv08hhccx,,,
FALSE,Amherst Climate Action Adaptation and Resilience Plan,11/24/2023,"Hayes, Jackson",,,Amherst's Climate Action Adaptation and Resilience Plan under Beyound 2025 strategy aims to mandate embodied carbon analysis for new constructions and work towards setting regulatory thresholds including both operational and embodied carbon throughout the building life-cycle.,Plan,Non-Statutory,Plan,NA,NA,City,"Amherst, MA, USA",42.357303,-72.50114,"City of Amherst, MA",Active,2021,2021,"3311, 3273","Cement, Steel, Brick, Glass, Gypsum board, Insulation, Flooring materials, Ceiling tile",NA,Municipally-Owned,Project Level,Buildings,GHG Emissions,Net Zero,2050,2030,LEED,NA,NA,NA,NA,NA,ISO 50001,NA,NA,NA,NA,https://www.amherstma.gov/DocumentCenter/View/56637/7a-CAARP_Town_Council_6-21-2021_final-slides-1,https://app.box.com/file/1373122842001,,,
FALSE,Clean Growth Strategy ,11/26/23,"Irish, Hannah",,,UK plan fr climate action notes need for energy-use reduction of building materials,Plan,Non-Statutory,Plan,NA,NA,National,United Kingdom,53.805437,-2.276506,UK Government,Active,2017,NA,NA,NA,NA,Buildings,Project Level,Buildings,Energy Efficiency,80% emissions reduction below 1990 levels,2050,"25% by 2008-2012, 31% by 2013-2017, 37% by 2018-202, 51% by 2023-2027, 57% by 2028-2032",NA,NA,NA,NA,NA,NA,NA,NA,NA,NA,NA,https://assets.publishing.service.gov.uk/media/5ad5f11ded915d32a3a70c03/clean-growth-strategy-correction-april-2018.pdf,https://ucsb.box.com/s/qhb0jbb4yk1i6ijiszbp33czvz8y7den,,,
FALSE,Phoenix Climate Action Plan - Embodied Carbon,12/1/2023,"Hayes, Jackson",,,"hoenix’s Climate Action Plan includes language to reduce embodied carbon. Phoenix is moving towards reducing community carbon emissions from buildings, transportation, and waste to move toward becoming a carbon neutral city by 2050.",Plan,Non-Statutory,Plan,NA,NA,City,"Phoenix, AZ, USA",33.422791,-112.082479,City of Phoenix,Active,2021,2021,NA,NA,NA,NA,NA,NA,GHG Emissions,Develop embodied carbon calculators applicable to the Phoenix climate and building materials used within the region,2025- 2035,voluntary compliance with the 2012 Phoenix Green Construction Code which incorporates standards to reduce embodied carbon emissions,NA,NA,NA,NA,NA,NA,NA,NA,NA,NA,NA,https://www.phoenix.gov/oepsite/Documents/2021ClimateActionPlanEnglish.pdf,,,,
TRUE,Executive Order 22,11/16/2023,"Irish, Hannah","Hayes, Jackson",12/17/23,"Executive Order 22 is a procurement policy that requires all asphalt mix, concrete mix, glass, and steel manufacturers to submit an EPD for eligibility for New York State contracts above $1 million and above a material disclosure quantity At this time maximum emissions limits have not been set. ",Executive Order ,Non-Statutory,Market-Based Incentive,Procurement Policy,Mandatory,U.S. State,"NY, USA",40.7128,-74.006,New York Governor's Office,Active,2022,2023,"3273, 3311, 331221, 327211, 32412","Concrete mixes, asphalt mixes, steel, glass","A1, A2, A3","New York state projects over $1 million, over a certain material disclosure limit",Product-level,"Building, infrastructure",GHG Emissions,NA,NA,NA,EPD Type III,NA,NA,NA,NA,EPD,ISO 14025:2006,NA,Product,"Concrete mixes: 50 cubic yards or more; Asphalt mixes: 16854 pounds (or 10 cubic yards) or more; Steel: 20000 pounds or more of rebar, 5000 pounds or more, other steel; Glass: 2000 square feet or more",NA,https://ogs.ny.gov/executive-order-22-embodied-carbon-guidance https://ogs.ny.gov/system/files/documents/2023/08/eo22-embodied-carbon-guidance_aug-2023.pdf ,https://ucsb.box.com/s/rhfdasklw5mw94jzerv3z9mg0ubzng1z  https://ucsb.box.com/s/rhfdasklw5mw94jzerv3z9mg0ubzng1z,,,
FALSE,Oregon Concrete & Aggregate Producers Association,11/16/23,"Irish, Hannah",,,The Oregon Concrete & Aggregate Producers Assocation (OCAPA) hosts a repository of Oregon Concrete EPDs as a resource for companies who may want/need to contract building materials with EPDs for LEED v4 points,Voluntary Program,Non-Statutory,Market-Based Incentive,Marketing & Technical Assistance,Voluntary,U.S. State,"OR, USA",44.043016,-120.605374,"Oregon Concrete & Aggregate Producers Association, Oregon Department of Environmental Quality",Active,2016,2016,3273,Concrete,"A1, A2, A3",NA,Product-level,NA,GHG Emissions,NA,NA,NA,EPD,NA,NA,NA``,NA,EPD,ISO 14025,"PCR for Concrete, CLF",Product,NA,Oregon Concrete & Aggregate Producers Association Website,https://www.ocapa.net/index.php?option=com_content&view=article&id=247:oregon-concrete-epds&catid=20:site-content&Itemid=201s#LearnAbout,https://ucsb.box.com/s/hnqpkqmlv9syag6g872omdkw6djoizxr,,,
TRUE,Ann Arbor Resolution to Encourage and Accelerate the Use of Low Embodied Carbon Building Materials in Construction,11/16/2023,"Hayes, Jackson","Irish, Hannah",11/21/2023,"This resolution focuses on encouraging the use of low embodied carbon building materials in construction projects. It acknowledges the significant role of greenhouse gas emissions from the construction and operation of the built environment in climate change. The resolution directs the City Administrator to develop criteria for utilizing low embodied carbon building materials in building and infrastructure projects, provide an annual report on projects where these materials were used, develop and share resource materials on the City’s Planning website, and conduct public outreach about these materials.",Resolution ,Non-Statutory,Plan,Acceleration of Use,Voluntary,City,"Ann Arbor, MI, USA",42.273935,-83.732211,City of Ann Arbor,Active,2021,NA,"3311
3273","Concrete, Steel",NA,NA,Product Level,NA,GHG Emissions,NA,NA,NA,NA,NA,NA,NA,NA,NA,NA,NA,NA,NA,NA,https://a2gov.legistar.com/ViewReport.ashx?M=R&N=Text&GID=55&ID=4598872&GUID=AF360C43-55BC-4A97-9C2B-916153E5C666&Title=Legislation+Text,https://ucsb.box.com/s/zh7rbe3stvyaye2gftafveyllh5i0r6v,,,
FALSE,State Of Wisconsin Clean Energy Plan,11/17/2023,"Hayes, Jackson",,,"The State of Wisconsin's Clean Energy Plan has a section dedicated to exploring low-carbon building materials procurement policies. This mostly consists of researching policies, conducting studies, developing a standardized method for evaluating and reporting embodied carbon emissions, and using EPDs.",Resolution ,Non-Statutory,Plan,Resolution,Both Mandatory and Voluntary Aspects,U.S. State,"WI, USA",44.428035,-90.129793,State of Wisconsin,Active,2022,NA,"263, 3273",NA,NA,"Public Projects, Private Projects",NA,NA,GHG Emissions,NA,NA,NA,NA,NA,NA,NA,NA,NA,NA,NA,NA,NA,NA,https://osce.wi.gov/Documents/SOW-CleanEnergyPlan2022.pdf,https://app.box.com/file/1373128950151,,,
FALSE,Minnesota Buy Clean Study Bill,11/20/2023,"Hayes, Jackson",,,This is a bill that funds University of Minnesota to carry out a pilot study on Buy Clean.,Law ,Non-Statutory,Market-based incentive,Procurement Policy,NA,U.S. State,"MN, USA",45.901574,-94.569949,State of Minnesota,Active,2021,NA,NA,NA,NA,NA,NA,NA,NA,NA,NA,NA,NA,NA,NA,NA,NA,NA,NA,NA,NA,NA,NA,https://www.revisor.mn.gov/bills/text.php?number=HF278&version=0&session=ls92&session_year=2021&session_number=0,https://app.box.com/file/1373121446127,,No mention of Buy Clean,
TRUE,Honolulu Concrete Mineralization Resolution,11/26/23,"Irish, Hannah","Hayes, Jackson",3/5/2024,The resolution requests the Honolulu city administration to consider using carbon dioxide mineralization concrete for all future city infrastructure projects utilizing concrete.,Recommendation,Non-Statutory,NA,NA,NA,City,"Honolulu, HI, USA",21.301487,-157.784653,"City Council of Honolulu, Hawaii",NA,2018,NA,3273,Concrete,NA,NA,Product Level,Civil Construction Projects,GHG Emissions,NA,NA,NA,NA,NA,NA,NA,NA,NA,NA,NA,NA,NA,NA,https://www4.honolulu.gov/docushare/dsweb/Get/Document-212511/RES18-283.pdf,https://ucsb.box.com/s/1zlyfvw5r4rnau60tbm8p83oyyntn6dt,,,
FALSE,Portland Design Overlay Zoning Amendments,11/27/23,"Irish, Hannah",,,The Portland Design Overlay Amendment has updated the tools and processes for Portland's overlay and design review program. It includes points for low-carbon concrete and for using wood products for sustainabily managed forests,Voluntary Program,Non-Statutory,Incentive Program,NA,Voluntary,City,"Portland, OR, USA",45.52179,-122.633115,City of Portland,Active,2021,2021,"3219, 3273","Timber, Concrete",NA,Buildings,Project Level,Buildings meeting criteria in program,NA,NA,NA,NA,NA,NA,NA,NA,NA,NA,NA,NA,NA,NA,NA,https://www.portland.gov/bps/planning/doza,https://ucsb.box.com/s/9c69c5nl6q9zd0cw79rle0rrtad5ibzu,,,
FALSE,Quebec Wood Charter,12/3/2023,"Hayes, Jackson",,,"The Quebec Wood Charter is a policy that encourages the use of wood for all publicly-funded infrastructure projects. As a result of this policy, the provincial building code was updated to increase the maximum height for wood structures from four stories to six stories and taller. It also requires developers of government-funded projects to consider wood as a material option by requiring a comparative analysis of GHG emissions for structural materials.",Resolution ,Non-Statutory,Regulatory Incentive,Building Standard,Voluntary,U.S. State,"Quebec, Canada",52.402984,-71.335273,"Ministry of Forestry, Wildlife, and Parks",Active,2019,2019,32121,Wood,"A1, A2, A3",Buildings,Project Level,Buildings over 4 stories high,NA,NA,NA,NA,NA,NA,NA,NA,NA,NA,NA,NA,NA,NA,NA,https://mffp.gouv.qc.ca/wp-content/uploads/BilanCharteduBois_anglais.pdf,,,,
FALSE,Executive Order (EO) 20-01 State Efficiency and Environmental Performance,12/10/2023,"Hayes, Jackson",,,"Washington State's Executive Order (EO) 20-01 has a section that requires new facility construction be zero-energy or zero-energy-capable, which includes the consideration of ""net-embodied carbon.""",Executive Order ,Non-Statutory,Plan,NA,Mandatory,U.S. State,"Washington, USA",47.503571,-120.772659,Office of Jay Inslee,Active,2020,2020,NA,NA,NA,Buildings,Project Level,New Public Buildings,GHG Emissions,Net-Zero,NA,Net Zero embodied must be considered in new projects,NA,NA,NA,NA,NA,NA,NA,NA,Project,NA,NA,https://governor.wa.gov/sites/default/files/exe_order/20-01%20SEEP%20Executive%20Order%20%28tmp%29.pdf,https://app.box.com/file/1385074989281,,,
FALSE,King County Strategic Climate Action Plan,12/10/2023,"Hayes, Jackson",,,King County's Strategic Climate Action Plan's strategies related to embodied carbon are: - Strategy 4.2.2: Partner with King County cities on C&D recovery and reuse. - Strategy 5.2.2: Support the transition to a reusable wood market. - Strategy GHG 3.3.1: Propose Strong Green Building Codes in Unincorporated King County. - Strategy GHG 4.2.1: Code development through the Regional Code Collaboration (RCC). - Strategy GHG 4.3.1: Propose strong green building codes in unincorporated King County. - Strategy GHG 4.14: Manage King County capital portfolios to maximize GHG emissions reductions in operational and embodied emissions. - Strategy GHG 5.8.1: Specifying low-embodied carbon building materials in King County capital projects.,Plan,Non-Statutory,Plan,NA,Mandatory,County,King County,47.455683,-121.877229,King County Climate Action Committee,Active,2020,2021,32121,Wood,NA,Buildings,Product-level,"Public Buildings, Private Buildings",GHG Emissions,Net-Zero Public Buildings,NA,Adjust Building Code to allow for more low-embodied carbon materials,Municipal Building Codes,NA,NA,NA,NA,NA,NA,NA,NA,NA,NA,https://your.kingcounty.gov/dnrp/climate/documents/scap-2020-approved/2020-scap-reducing-ghg-emissions-section.pdf,https://app.box.com/file/1385082158182,,,
FALSE,Green Tenders: An Action Plan on Green Public Procurement,12/11/2023,"Irish, Hannah",,,"The current action plan for green public procurement (GPP) recognizes the need for GPP in line with EU goals for 50% public procurement as green, and construction is recognized as a necessary avenue for public procurement, with wood specifically mentioned. This will be replaced by the Green Public Procurement Strategy 2023-2027 once it is passed",Plan,Non-Statutory,NA,NA,,,Ireland,52.971873,-7.965065,"Ireland Department of the Environment, Climate and Communications",Active,2021,2021,321,Wood,NA,NA,Product,Buildings,NA,50% procurement as GPP,NA,NA,NA,NA,NA,NA,NA,NA,NA,NA,NA,NA,NA,https://assets.gov.ie/124710/90335b18-8d7d-4217-b2a9-dfc5ce01cd57.pdf,https://ucsb.box.com/s/9xw2uvrc36z95fh726e3jmgqmei2frze,,,
FALSE,Whole-of-Life Embodied Carbon Emissions Reduction Framework,12/11/2023,"Irish, Hannah",,,"New Zealand framework for reduction of embodied carbon in buildings has the following steps which shall be forthcoming as developed by the Ministry of Business: 1. New public sector buildings will report Whole Life Embodied Carbon, 2. All new buildings will report Whole Life Embodied Carbon, 3. All new buildings will have to meet initial carbon caps. 4. All new buildings will have to meet intermediate carbon caps, 5. All new buildings will have to meet carbon caps to achieve net zero emissions for new zealand",Plan,Non-Statutory,NA,NA,,,New Zealand,-44.318848,170.521487,"New Zealand Ministry of Business, Innovation, and Employment",Active,2020,2020,NA,NA,"A1, A2, A3, A4, A5",Buildings,Project,"New Building, public sector first",GWP,Institute embodied carbon cap for buildings,Net Zero Carbon Emissions,2050,LCA,NA,NA,NA,NA,Project,"EN 15804, EN 15978, ISO 21930",NA,Project,NA,NA,https://www.mbie.govt.nz/dmsdocument/11794-whole-of-life-embodied-carbon-emissions-reduction-framework,https://ucsb.box.com/s/oz4g825t2jttkjxl7kpn9beshqahqujs,,,
FALSE,Rijkswaterstaat SPP,3/5/2024,"Irish, Hannah",,,"The Rikjswaterstaat (RWS) is part of the Dutch Ministry of Infrastructure and Water Management and responsible for the design, construction, management and maintenance of the main infrastructure facilities in the Netherlands. RWS states that suppliers that can prove using the SPP tool that their products offer substantial CO2 savings potentials will be prioritized in procurement",Voluntary Program,Non-Statutory,Market-Based Incentive,Procurement Policy,Voluntary,National,The Netherlands,52.209528,5.465379,Dutch Ministry of Infrastructure and Water Management,Active,2010,2010,NA,NA,NA,Public Projects,Product Level,National Infrastructure facilities,"GHG Emissions, Energy Efficiency",Full circular procurement ,2050,NA,National Sustainable Public Procurement rating system,NA,NA,NA,NA,Criteria Tool Output,NA,NA,Product,NA,NA,https://procuraplus.org/public-authorities/rijkswaterstaat/,,,,
FALSE,Oregon HB 4139,12/19/2023,"Hayes, Jackson",,,"Requires Department of Transportation to establish program to reduce greenhouse gas emissions that assesses greenhouse gas emissions attributable to certain covered materials department uses in construction and maintenance activities for state's transportation system, conducts life cycle assessments for selected set of construction and maintenance activities and devises strategies for reducing greenhouse gas emissions",Law ,Statutory,Regulatory,Building standard,Mandatory,U.S. State,"Oregon, USA",44.043016,-120.649319,Oregon Department of Transportation,Active,2022,,"3312, 3273","Steel, including rebar, reinforcing steel and structural steel, hot-rolled sections, hollow sections, plate steel and cold-formed steel; Concrete, including ready mix concrete, shotcrete, precast concrete and concrete masonry units; Asphalt paving mixtures","A1, A2, A3, A4, A5",Materials,"Project, Product",Transportation Projects,GHG Emissions,"Conduct LCA, Assess embodied co2",2025,NA,EPD,NA,NA,NA,NA,LCA,EPD,NA,NA,NA,NA,https://olis.oregonlegislature.gov/liz/2022R1/Downloads/MeasureDocument/HB4139/Enrolled,https://app.box.com/file/1393353357425,,,
FALSE,Finland Mandatory Green Public Procurement of Low-Carbon Buildings,12/7/2023,"Irish, Hannah",,,Finland mandtory green public procurement criteria are planned to be in effect in 2025 using Finland's Method for Whole Life Carbon Assessment of Buildings,Standard ,Statutory,Market-Based Incentive,Procurement Policy,Mandatory,National,Finland,63.148252,26.381257,"Ministry of Finance, Ministry of Environment",Planned,2016,2025,NA,NA,"A1, A2, A3, A4, A5, C1, C2, C3, C4",Buildings,Project Level,"New buildings, extensive repairs","GHG emissions, energy efficiency",Carbon Neutrality,2035,Stricter limits for public procurement,LCA,NA,NA,NA,NA,LCA,"ISO 14040, EN ISO 14044, ISO 14067",NA,Project,NA,Database planned,https://acris.aalto.fi/ws/portalfiles/portal/53964010/30_1541_1_PB.pdf,https://ucsb.box.com/s/e4yl4faezi7i4vw167h2cop36sikom0e,,,
FALSE,Toronto Green Standard v4,11/16/2023,"Irish, Hannah",,,"TGS sets requirements for high-performance, new development in Toronto. V4 introduces voluntary tracking requirements for building construction and lanscaping materials, in addition to low level mandatory requirements through planning approval. Future versions are planned for 2025 and 2027 to require low emissions buildings by requiring compliance with highest tier, currently voluntary performance standards",Standard ,Statutory,Regulatory ,Building Mandate,Both Mandatory and Voluntary Aspects,City,"Toronto, Ontario, Canada",43.698884,-79.382178,City of Toronto,Active,2022,2022,NA,NA,NA,"All new construction, city-wide",Project Level,All new projects,GHG Emissions,Net Zero Emissions,2040,"2025 and 2028 new, stricter versions of Toronto Green Standard",Project Application and Approval,NA,NA,20% reduction from baseline,NA,NA,NA,NA,NA,NA,NA,https://www.toronto.ca/city-government/planning-development/official-plan-guidelines/toronto-green-standard/toronto-green-standard-version-4/,https://ucsb.box.com/s/vw9wttbmbehm4wmm5z983srd9a9n40pi,,,
FALSE,Climate Declaration for New Buildings,11/27/23,"Irish, Hannah",,,"All buildings over 100,000 square meters must submit a climate declaration starting in January 2022 in order to receive their building permit. Developers must submit data for modules A1-A5 in the climate declaration that is registered at Boverket in their database, The building's envelope, load-bering structures, and interior walls must be included in the declaration",Law ,Statutory,Regulatory ,Building Standard,Mandatory,National,Sweden,62.09474,15.357258,"Sweden National Board of Housing, Building and Planning",Active,2019,2022,NA,"Load-bearing structures, interior walls, building envelope","A1, A2, A3, A4, A5",Buildings,Project Level,All new buildings,GHG Emissions,Climate Neutrality,2045,NA,EPD,NA,NA,NA,NA,EPD,"ISO 14040, ISO 14044, ISO 14025",NA,NA,NA,KTH National Repository,https://nordicsustainableconstruction.com/Media/637985265628454917/NCFC_2022_Limit%20values%20Sweden_Kristina%20Einarsson.pdf https://www.boverket.se/en/start/building-in-sweden/developer/rfq-documentation/climate-declaration/,https://ucsb.box.com/s/m5xgobjl77rvej5kb3t56u824cj7nx2khttps://ucsb.box.com/s/z1n7fbnw2jzy7glpzff8vfhd8c1kjmac ,,,
FALSE,RE2020,11/26/23,"Irish, Hannah",,,Requirements for all new buildings in France to have a primary  total energy use limit ,Law ,Statutory,Regulatory ,Building Standard,Mandatory,National,France,47.062012,2.327431,French Ministry of Ecological Transition,Active,2020,2022,NA,NA,NA,All new buildings,Project Level,Buildings,Energy Use,Net Zero,2050,NA,NA,NA,NA,NA,NA,NA,NA,NA,NA,NA,NA,https://www.interregeurope.eu/good-practices/environmental-regulation-2020-re2020 https://www.greendesignconsulting.com/single-post/re2020-new-buildings-regulation-for-french-carbon-neutrality-by-2050,https://www.greendesignconsulting.com/single-post/re2020-new-buildings-regulation-for-french-carbon-neutrality-by-2050,,,
FALSE,"City of Alexandria, VA Green Building Policy",11/6/2023,"Hayes, Jackson",,,,Standard ,Statutory,Regulatory ,Building Mandate,Mandatory,City,"Alexandria, VA, USA",38.817225,-77.076722,City of Alexandria,Active,2019,2020,NA,"Public Projects, Private Projects",NA,Civic-Funded,Project Level,Buildings,"Energy Use, CO2",Net Zero,NA,NA,LEED Silver or Higher,NA,NA,NA,NA,NA,NA,NA,NA,NA,NA,https://www.alexandriava.gov/sites/default/files/2022-02/2019GreenBuildingPolicyamended20220217.pdf,,,,
TRUE,Berkeley Green Building Requirements,11/12/2023,"Hayes, Jackson","Irish, Hannah",11/16/23,"Berkeley Green Building Requirements require a 25% reduction of cement in concrete mixes and recognize fly ash, slag, silica fume, and rice hull ash as cement replacements; Also requires 100% of concrete and asphalt to be reused or recycled",Standard ,Statutory,Regulatory ,Building Mandate,Mandatory,City,"Berkeley, CA, USA",37.866692,-122.274315,City of Berkeley,Active,2022,2023,3273,Concrete,"A1,A2,A3,C,D",Public and private new construction,Project-level,Buildings,"GHG Emissions, End-of-Life Imacts",25% reduction of cement in concrete mixes,NA,NA,NA,NA,NA,NA,NA,NA,NA,NA,Product,NA,NA,https://berkeley.municipal.codes/BMC/19.37,https://ucsb.box.com/s/mys4eisgaqi1sibcyd82hiyq624wotul,,,
FALSE,"Michigan Healthy Climate Plan; Buy Clean, Buy Michigan ",11/17/2023,"Hayes, Jackson",,,Subset of the MI Healthy Climate Plan focussed on procurement of low-carbon materials,Standard ,Statutory,Market-based Incentive,Procurement Policy,Mandatory,U.S. State,"MI, USA",43.290332,-84.578704,State of Michigan,Active,2022,NA,3273,Concrete,NA,Public Projects,Product-level,"Buildings, Infrastructure",GHG Emissions,NA,NA,NA,NA,NA,NA,NA,NA,NA,NA,NA,NA,NA,NA,https://www.michigan.gov/egle/-/media/Project/Websites/egle/Documents/Offices/OCE/MI-Healthy-Climate-Plan.pdf?rev=d13f4adc2b1d45909bd708cafccbfffa&hash=99437BF2709B9B3471D16FC1EC692588,https://app.box.com/file/1373137782974,,,
FALSE,State Of Wisconsin Clean Energy Plan,11/17/2023,"Hayes, Jackson",,,Subset of State of WI clean energy plan dealing with procurement,Standard ,Statutory,Market-based incentive,Procurement Policy,Mandatory,U.S. State,"WI, USA",44.428035,-90.129793,State of Wisconsin,Active,2022,NA,3273,Concrete,"A1, A2, A3, A4, A5",Public Projects,Project-level,"Buildings, Infrastructure",GHG Emissions,NA,NA,NA,NA,NA,NA,NA,NA,NA,NA,NA,NA,NA,NA,https://osce.wi.gov/Documents/SOW-CleanEnergyPlan2022.pdf,https://app.box.com/file/1373131242934,,,
TRUE,Royal Decree on Environmental Messages,11/26/23,"Irish, Hannah","Hayes, Jackson",3/5/2024,Royal decree in Belgium setting the minimum requirements for environmental displays on construction products and for the registration of environmental product declarations in the federal database,Decree,Statutory,Regulatory ,Certification,Both Mandatory and Voluntary Aspects,National,Belgium,50.66496,4.597948,Belgium Federal Government,Active,2014,2015,NA,All construction products,"A1, A2, A3, A4, C2, C3",All products on the market in Belgium,Product Level,All,"Climate Change, Etc.",NA,NA,NA,EPD,NA,NA,NA,NA,EPD,"ISO 14044, ISO 14021",NA,NA,NA,Belgium Federal Database,http://www.ejustice.just.fgov.be/cgi_loi/loi_a1.pl?sql=(text%20contains%20(%27%27))&language=fr&rech=1&tri=dd%20AS%20RANK&value=&table_name=loi&F=&cn=2014052234&caller=image_a1&fromtab=loi&la=F#LNK0005,https://ucsb.box.com/s/x31dkirr1ynzica1rv7nzjivvf26ohto,,Note that this is from a translated source,
TRUE,City of Vancouver Green Demolition By-Law Update,11/26/23,"Irish, Hannah","Hayes, Jackson",3/5/3024,"This green demolition by-law update lists a series of recommendations for the City of Vancouver to expand the scope of the existing green demolition program, and establish a deconstruction hub. The City's Green Demolition By-Laws or Program was originally established in 2014",By-Law ,Statutory,Regulatory ,Building Standard,Mandatory,City,"Vancouver, British Columbia, Canada",49.254658,-123.114554,City of Vancouver,Active,2018,2019,NA,NA,"C1, C3, C4",Commercial buildings and single family homes,Project Level,Buildings,Pollution Prevention,"Minimum recycling and reuse rate of 75-90%, depending on building type",NA,NA,NA,NA,NA,NA,NA,NA,NA,NA,NA,NA,NA,https://council.vancouver.ca/20180516/documents/pspc2c.pdf,https://ucsb.box.com/s/9raoodcozlfdw6av70ro4faq7ov9ab2a,,,
TRUE,Vancouver Zoning Variances for Mass Timber ,11/27/23,"Irish, Hannah","Hayes, Jackson",3/5/2024,The amendment of Zoning and Development By-Laws in the City of Vancouver allows mass timber construction 7 storeys and higher,By-Law ,Statutory,Regulatory ,Permit,Both Mandatory and Voluntary Aspects,City,"Vancouver, British Columbia, Canada",49.252851,-123.116312,City of Vancouver,Active,2019,2021,3219,Mass Timber,NA,Buildings,Project Level,Mass Timber-qualified buildings seven stories or higher,NA,NA,NA,NA,NA,NA,NA,NA,NA,Permit Application,NA,NA,NA,NA,NA,https://bylaws.vancouver.ca/bulletin/bulletin-mass-timber.pdf,https://ucsb.box.com/s/675p9skxwymeqxi3grwvrdlvne6bfr77,,,
FALSE,Washington HB 1103 Buy Clean and Fair Washington Act,1/30/2023,"Hayes, Jackson",,,"Buy Clean is a procurement policy approach that addresses embodied carbon in state-funded construction projects by incorporating low-carbon construction requirements into state purchasing, including requirements for the disclosure of EPDs for products used on state projects",,Statutory,Regulatory,Building Mandate,Mandatory,U.S. State,"Washington, USA",47.503571,-120.772659,State of Washington,Active,2021,2022,"3273, 3311, 331221, 327211, 32412","structural concrete, reinforcing steel, structural
steel, and engineered wood products","A1, A2, A3",Public Projects,Product Level,"Construction projects larger than 50,000 square feet or building renovation projects where the cost is greater than 50 percent of the assessed value and the project is larger than 50,000 square feet.",GHG Emissions,,,,EPD,No,NA,NA,NA,NA,NA,NA,NA,NA,NA,https://lawfilesext.leg.wa.gov/biennium/2021-22/Pdf/Bills/House%20Bills/1103.pdf?q=20240201162252,https://app.box.com/file/1432691747863,,,
FALSE,Vancouver Building By-law 2022 Update,11/30/23,"Irish, Hannah",,,,By-Law ,Statutory,Regulatory ,Building Standard,Mandatory,City,"Vancouver, British Columbia, Canada",49.252851,-123.116312,CIty of Vancouver,Active,2020,2022,NA,NA,NA,Buildings,Project Level,Buildings over 325m^2 conditioned space,GHG Emissions,NA,NA,NA,EnerGuide Rating System Audit; Hot2000 General Mode Modeling Report,NA,No greater than similar building,kg eCO2e/m^2/a,NA,Report,NA,NA,Project,NA,NA,https://vancouver.ca/files/cov/building-by-law-update-guide.pdf,https://ucsb.box.com/s/dsu6lej4dcequgrm8nyx4hkp0gk026ok,,,
TRUE,Buy Clean Colorado Act,11/8/2023,"Irish, Hannah","Hayes, Jackson",12/1/23,Procurement policy requiring materials (Asphalt and asphalt mixtures; cement and concrete mixtures; glass; post-tension steel; reinforcing steel; structural steel; wood structural elements) to meet maximum GWP limits as certified by an EPD to be eligible for inclusion in a state public construction project,Law ,Statutory,Market-Based Incentive,Procurement Policy,Mandatory,U.S. State,"CO, USA",38.852648,-105.550863,Office of the State Architect,Active,2021,2024,"3273, 32412, 3272, 3311","Ashphalt and asphalt mixtures, cement and concrete mixtures, glass, post-tension steel, structural steel, wood structural elements","A1, A2, A3",Public projects,Product-level,Buildings,GHG Emissions,NA,NA,2027 and every 4 years after,EPD Type III,NA,To be set 2024,NA,Industry Average,EPD,ISO 14025:2006,NA,Product,NA,NA,https://leg.colorado.gov/sites/default/files/2021a_1303_signed.pdf,https://ucsb.box.com/s/x01y7row6bwfmspm46o18mumyhqh12li,,,
FALSE,California AB 2446,12/19/2023,"Hayes, Jackson",,,"This law builds on the 2017 Buy Clean California Act, mandating the Air Resources Board to develop a framework by July 1, 2025, for measuring and reducing carbon intensity in building materials, targeting a 40% net reduction in GHG emissions by 2035. Key requirements of the law include life cycle assessments for new large buildings, Environmental Product Declarations from manufacturers, and the establishment of a technical advisory committee to support implementation, indicating a broader future strategy for low-carbon building standards in California.",Law ,Statutory,Regulatory,Building Mandate,Mandatory,U.S. State,"California, USA",37.22544,-119.855923,California Air Resources Board,Planned,2023,2025,"331221, 3311, 327211, 321","Hot-Rolled Structural Steel, Hollow structural sections, steel plate, concrete reinforcing steel, flat glass, light-density mineral wood board insulation, heavy-density mineral wood board insulation","A1, A2, A3",Materials,"Project, Product",Buildings,GHG Emissions,40% reduction of GHG emissions,2035,20% reduction of GHG emissions by 2030,EPD type III,"Yes, See Supporting Documents",,,,,,,,,,https://leginfo.legislature.ca.gov/faces/billTextClient.xhtml?bill_id=202120220AB2446,https://app.box.com/file/1393341522732,,,
FALSE,Langford Low-Carbon Concrete Policy,12/3/2023,"Hayes, Jackson",,,"The Langford Low-Carbon Concrete Policy requires that all concrete supplied to City-owned or solicited projects, and private construction projects greater than 50 cubic meters, must be produced using post-industrial carbon dioxide (CO2) mineralization technologies, or an equivalent which offers concrete with lower embodied CO2.",,Statutory,Regulatory,Building Standard,Mandatory,City,"Langford, British Columbia, Canada",55.340666,-124.209903,City of Langford,Active,2021,2022,3273,Concrete,"A1, A2, A3",Buildings,Product Level,"All Public Buildings, Private Buildings over 50 cubic meters",,,,,,NA,,,,,,,,,,,,,,
FALSE,A.B.43: Greenhouse gas emissions: building materials: embodied carbon trading system.,3/8/2024,,,,,,,,,,,,,,,,,,,,,,,,,,,,,NA,,,,,,,,,,,,,,
FALSE,H.B. 1282: Requiring Environmental and Labor Reporting for Public Building Construction and Renovation Material.,,,,,,,,,,,,,,,,,,,,,,,,,,,,,,NA,,,,,,,,,,,,,,
FALSE,A.B.1754: Maintenance of the codes.,,,,,,,,,,,,,,,,,,,,,,,,,,,,,,NA,,,,,,,,,,,,,,
FALSE,H.B.0261: Eligible Projects - Procurement of Construction Materials (Buy Clean Maryland Act),,,,,,,,,,,,,,,,,,,,,,,,,,,,,,NA,,,,,,,,,,,,,,
FALSE,,,,,,,,,,,,,,,,,,,,,,,,,,,,,,,NA,,,,,,,,,,,,,,
FALSE,,,,,,,,,,,,,,,,,,,,,,,,,,,,,,,NA,,,,,,,,,,,,,,
FALSE,,,,,,,,,,,,,,,,,,,,,,,,,,,,,,,NA,,,,,,,,,,,,,,
FALSE,,,,,,,,,,,,,,,,,,,,,,,,,,,,,,,NA,,,,,,,,,,,,,,
FALSE,,,,,,,,,,,,,,,,,,,,,,,,,,,,,,,NA,,,,,,,,,,,,,,
FALSE,,,,,,,,,,,,,,,,,,,,,,,,,,,,,,,NA,,,,,,,,,,,,,,
FALSE,,,,,,,,,,,,,,,,,,,,,,,,,,,,,,,NA,,,,,,,,,,,,,,
FALSE,,,,,,,,,,,,,,,,,,,,,,,,,,,,,,,NA,,,,,,,,,,,,,,
FALSE,,,,,,,,,,,,,,,,,,,,,,,,,,,,,,,NA,,,,,,,,,,,,,,
FALSE,,,,,,,,,,,,,,,,,,,,,,,,,,,,,,,NA,,,,,,,,,,,,,,
FALSE,,,,,,,,,,,,,,,,,,,,,,,,,,,,,,,NA,,,,,,,,,,,,,,
FALSE,,,,,,,,,,,,,,,,,,,,,,,,,,,,,,,NA,,,,,,,,,,,,,,
FALSE,,,,,,,,,,,,,,,,,,,,,,,,,,,,,,,NA,,,,,,,,,,,,,,
FALSE,,,,,,,,,,,,,,,,,,,,,,,,,,,,,,,NA,,,,,,,,,,,,,,
FALSE,,,,,,,,,,,,,,,,,,,,,,,,,,,,,,,NA,,,,,,,,,,,,,,
FALSE,,,,,,,,,,,,,,,,,,,,,,,,,,,,,,,NA,,,,,,,,,,,,,,
FALSE,,,,,,,,,,,,,,,,,,,,,,,,,,,,,,,NA,,,,,,,,,,,,,,
FALSE,,,,,,,,,,,,,,,,,,,,,,,,,,,,,,,NA,,,,,,,,,,,,,,
FALSE,,,,,,,,,,,,,,,,,,,,,,,,,,,,,,,NA,,,,,,,,,,,,,,
FALSE,,,,,,,,,,,,,,,,,,,,,,,,,,,,,,,NA,,,,,,,,,,,,,,
FALSE,,,,,,,,,,,,,,,,,,,,,,,,,,,,,,,,,,,,,,,,,,,,,
FALSE,,,,,,,,,,,,,,,,,,,,,,,,,,,,,,,,,,,,,,,,,,,,,
FALSE,,,,,,,,,,,,,,,,,,,,,,,,,,,,,,,,,,,,,,,,,,,,,
FALSE,,,,,,,,,,,,,,,,,,,,,,,,,,,,,,,,,,,,,,,,,,,,,
FALSE,,,,,,,,,,,,,,,,,,,,,,,,,,,,,,,,,,,,,,,,,,,,,
FALSE,,,,,,,,,,,,,,,,,,,,,,,,,,,,,,,,,,,,,,,,,,,,,
FALSE,,,,,,,,,,,,,,,,,,,,,,,,,,,,,,,,,,,,,,,,,,,,,
FALSE,,,,,,,,,,,,,,,,,,,,,,,,,,,,,,,,,,,,,,,,,,,,,
FALSE,,,,,,,,,,,,,,,,,,,,,,,,,,,,,,,,,,,,,,,,,,,,,
FALSE,,,,,,,,,,,,,,,,,,,,,,,,,,,,,,,,,,,,,,,,,,,,,
FALSE,,,,,,,,,,,,,,,,,,,,,,,,,,,,,,,,,,,,,,,,,,,,,
FALSE,,,,,,,,,,,,,,,,,,,,,,,,,,,,,,,,,,,,,,,,,,,,,
FALSE,,,,,,,,,,,,,,,,,,,,,,,,,,,,,,,,,,,,,,,,,,,,,
FALSE,,,,,,,,,,,,,,,,,,,,,,,,,,,,,,,,,,,,,,,,,,,,,
FALSE,,,,,,,,,,,,,,,,,,,,,,,,,,,,,,,,,,,,,,,,,,,,,
FALSE,,,,,,,,,,,,,,,,,,,,,,,,,,,,,,,,,,,,,,,,,,,,,
FALSE,,,,,,,,,,,,,,,,,,,,,,,,,,,,,,,,,,,,,,,,,,,,,
FALSE,,,,,,,,,,,,,,,,,,,,,,,,,,,,,,,,,,,,,,,,,,,,,
FALSE,,,,,,,,,,,,,,,,,,,,,,,,,,,,,,,,,,,,,,,,,,,,,
FALSE,,,,,,,,,,,,,,,,,,,,,,,,,,,,,,,,,,,,,,,,,,,,,
FALSE,,,,,,,,,,,,,,,,,,,,,,,,,,,,,,,,,,,,,,,,,,,,,
FALSE,,,,,,,,,,,,,,,,,,,,,,,,,,,,,,,,,,,,,,,,,,,,,
FALSE,,,,,,,,,,,,,,,,,,,,,,,,,,,,,,,,,,,,,,,,,,,,,
FALSE,,,,,,,,,,,,,,,,,,,,,,,,,,,,,,,,,,,,,,,,,,,,,
FALSE,,,,,,,,,,,,,,,,,,,,,,,,,,,,,,,,,,,,,,,,,,,,,
FALSE,,,,,,,,,,,,,,,,,,,,,,,,,,,,,,,,,,,,,,,,,,,,,
FALSE,,,,,,,,,,,,,,,,,,,,,,,,,,,,,,,,,,,,,,,,,,,,,
FALSE,,,,,,,,,,,,,,,,,,,,,,,,,,,,,,,,,,,,,,,,,,,,,
FALSE,,,,,,,,,,,,,,,,,,,,,,,,,,,,,,,,,,,,,,,,,,,,,
FALSE,,,,,,,,,,,,,,,,,,,,,,,,,,,,,,,,,,,,,,,,,,,,,
FALSE,,,,,,,,,,,,,,,,,,,,,,,,,,,,,,,,,,,,,,,,,,,,,
FALSE,,,,,,,,,,,,,,,,,,,,,,,,,,,,,,,,,,,,,,,,,,,,,
FALSE,,,,,,,,,,,,,,,,,,,,,,,,,,,,,,,,,,,,,,,,,,,,,
FALSE,,,,,,,,,,,,,,,,,,,,,,,,,,,,,,,,,,,,,,,,,,,,,
FALSE,,,,,,,,,,,,,,,,,,,,,,,,,,,,,,,,,,,,,,,,,,,,,
FALSE,,,,,,,,,,,,,,,,,,,,,,,,,,,,,,,,,,,,,,,,,,,,,
FALSE,,,,,,,,,,,,,,,,,,,,,,,,,,,,,,,,,,,,,,,,,,,,,
FALSE,,,,,,,,,,,,,,,,,,,,,,,,,,,,,,,,,,,,,,,,,,,,,