Complete?,Title of Policy,Date Entered,Entered By,QC Checked By,QC Check Date,Description,Legal Status,Policy Category,Building Codes,Clean Procurement,Climate Commitment,Training & Education,Policy Subcategory,Buy Clean,Owner Procurement Guidelines,Public Sector Incentives,Building Code Requirements,Zoning Incentives,Building Design Incentives,Climate Action Plan,Resolution/Declaration of Intent,Research Funding,Education,Methodology,Participation,Jurisdiction,Location,Country,lat,lon,Implementing Agency,Status,Date Enacted,Date In Effect,Covered Sector(s),Covered Material(s),Concrete,Steel/Rebar,Aluminum,Cement,Brick,Iron,Asphalt,Wood/Timber,Insulation,Glass,Covered Life-Cycle Stages,Application Type,Scale of Approach,Covered Applications,Covered Impacts,Target,Target Date,Additional Targets,Compliance Mechanism,Threshold Varies?,Compliance Threshold Quantity/Range,Compliance Threshold Unit,Threshold Methodology ,Threshold Change Cadence,Disclosure Type,Required Disclosure Standard,Required PCR,Disclosure Specificity,Disclosure Material Quantities,Disclosure Data Repository,Link(s),Archived Version,Source(s),Notes,Other
TRUE,City of Vancouver Embodied Carbon Guidelines,11/30/2023,"Irish, Hannah","Irish, Hannah",3/2/2025,Buildings in Vancouver must calculate the embodied carbon of a proposed design to show compliance.,Statutory,Building Codes/Planning,1,0,0,0,Building Code Requirements,0,0,0,1,0,0,0,0,0,0,"Whole-Building Carbon Reduction, Reporting/Analysis Requirement",Mandatory,City,"Vancouver, British Columbia, Canada",Canada,49.25204,-123.112,City of Vancouver,Active,2022,2023,"3273, 3311, 3313, 32199","Concrete, Insulation, Windows and Glazing, Rebar, Steel, Aluminum, Wood",1,1,1,0,0,0,0,1,1,0,"A1-A5, B1-B5, C1-C4",Buildings,Project Level; Product Level,"Part 3 Buildings: exceeding 600 m^2 in building area, or exceeding 3 stories; new buildings or major additions",GHG Emissions,40% reduction in embodied carbon in construction,2030,NA,"whole buiding LCA, Type III EPD",No,400,kgCo2e/m^2,Survey of 2017-2023 embodied carbon submissions data,NA,"EPD, LCA",ISO 21930; EN15804,NA,"Project; Product -- industry or product-specific, depends on material",NA,NA,https://vancouver.ca/files/cov/embodied-carbon-guidelines.pdf,https://ucsb.box.com/s/vkyvusp8p7vwpqk51txexsuoitq86136,City of Vancouver. (2023). Embodied carbon guidelines (Version 1.0). https://vancouver.ca/files/cov/embodied-carbon-guidelines.pdf,,
TRUE,Executive Directive No. 25,11/16/2023,"Irish, Hannah","Hayes, Jackson",12/1/2023,"Under Executive Directive No. 25, the Los Angeles, the Mayor's office delegated to the LA General Services Department that all new municipal-owned buildings or major rennovations be designed to reach carbon neutrality by 2030; the Mayor's office also directs the Bureau of Engineering to adopt the Buy Clean California Act Guidelines",Non-Statutory,Clean Procurement,0,1,0,0,Buy Clean,1,0,0,0,0,0,0,0,0,0,Product/Material-Specific Carbon Limits or Reductions,Mandatory,City,"Los Angeles, CA, USA",United States,34.06998,-118.336,CIty of Los Angeles,Active,2020,2021,"331221, 3311, 327211, 321","Hot-Rolled Structural Steel, Hollow structural sections, steel plate, rebar, flat glass, light-density mineral wood board insulation, heavy-density mineral wood board insulation",0,1,0,0,0,0,0,0,1,1,A1-A3,Buildings,Product-level,Municipally-Owned,GHG Emissions,Carbon neutrality for new and rennovated municapally-owned buildings,2030,NA,Type III EPD,"Yes, See Supporting Documents","1010, 1710, 1490, 890, 1430, 3.33, 8.16","kg CO2eq, CO2eq, CO2eq, CO2eq, CO2eq, 1 m2of insulation at RSI=1, 1 m2of insulation at RSI=1 ",Industry average,3 years,EPD,ISO 14025:2006,"Part B: Product Category Rule (PCR) Guidance for Building-Related Products and Services Part B: Designated Steel Construction Product EPD Requirements, UL; NGA PCR for Flat Glass: UN CPC 3711, NSF International; Part B: Building Envelope Thermal Insulation EPD Requirements, UL Environment",Product,NA,NA,https://lacity.gov/sites/g/files/wph2281/files/2021-04/20200210executivedirective25.pdf,https://ucsb.box.com/s/vplyasqh05swvylsy4naeyp6epsx44wv,City of Los Angeles. (2020). Executive directive 25: Climate emergency mobilization (PDF). https://lacity.gov/sites/g/files/wph2281/files/2021-04/20200210executivedirective25.pdf,"Noting ""other"" for methodology because adopts BCCA exactly -- don't want to duplicate BCCA",
TRUE,London Plan,12/14/2023,"Hayes, Jackson","Irish, Hannah",3/2/2025,"Policy S12: Minimzing GHG emissions requires Whole Lie Carbon assessments (operational and embodied cabron assessment for A, B, and C stages; The GLA guidance on WLC assessments follows EN 15978 (the European standard for measuring building performance) and the 2017 RICS (Royal Institute of Chartered Surveyors) Professional Statement: Whole life carbon assessment for the built environment - Policy S17: Reducing waste and supporting the circular economy (reuqires Circular Eocnomy statement to be submitted alongside all referable proposals)",Non-Statutory,"Climate Commitment, Building Codes/Planning",1,0,1,0,"Climate Action Plan, Building Code Requirements",0,0,0,1,0,0,1,0,0,0,Reporting/Analysis Requirement,NA,City,"London, England, UK",United Kingdom,51.09865,-0.11809,Greater London Authority,Active,2021,2021,NA,NA,0,0,0,0,0,0,0,0,0,0,NA,Buildings,Product,NA,GHG Emissions,Zero Carbon City,2050,NA,Whole Life-Cycle Carbon Assessment,NA,NA,NA,NA,NA,NA,NA,NA,NA,NA,NA,https://www.london.gov.uk/sites/default/files/the_london_plan_2021.pdf,https://app.box.com/file/1389307530524,Greater London Authority. (2021). The London Plan 2021. https://www.london.gov.uk/sites/default/files/the_london_plan_2021.pdf,,
TRUE,C40 Clean Construction Declaration,11/20/2023,"Hayes, Jackson","Irish, Hannah",3/2/2025,"Committing to C40 declaration includes committing to approve at least one net zero emission (operational and embodied) flagship project by 2050 and to lead by example with municipal procurement. Budapest, Los Angeles, Mexico City, and Oslo have participated in the declaration",Non-Statutory,"Climate Commitment, Training & Education",0,0,1,1,"Climate Action Plan, Research Funding",0,0,0,0,0,0,1,0,1,0,"Plan, Research",Voluntary,International,Multiple,Multiple,,,"C40 Cities, City Mayors",Active,2021,2022,236,NA,0,0,0,0,0,0,0,0,0,0,NA,"Buildings, Infrastructure",Project Level,Public Projects,GHG Emissions,50% reduction in embodied emissions for new buildings and major retrofits,2030,30% reduction in embodied emissions for new buildings and major retrofits by 2025,LCA,NA,NA,NA,NA,NA,NA,NA,NA,NA,NA,NA,https://www.c40.org/wp-content/uploads/2021/11/CLEAN_CONSTRUCTION_CITIES_101121.pdf,https://app.box.com/file/1373119724572,C40 Cities. (2021). Clean construction cities: A roadmap to reducing embodied carbon in construction (PDF). https://www.c40.org/wp-content/uploads/2021/11/CLEAN_CONSTRUCTION_CITIES_101121.pdf,,
TRUE,Austin Climate Equity Plan,11/27/2023,"Irish, Hannah","Irish, Hannah",3/2/2025,The City of Austin Climate Equity Action Plan has a goal to reduce the embodied carbon footprint of building materials used in local construction by 40% by 2030 from a 2020 baseline,Non-Statutory,"Climate Commitment, Training & Education",0,0,1,1,"Climate Action Plan, Education",0,0,0,0,0,0,1,0,0,1,"Plan, Whole-Building Carbon Reduction",NA,City,"Austin, TX, USA",United States,30.3048,-97.7379,"City of Austin, TX",NA,2021,2021,NA,NA,0,0,0,0,0,0,0,0,0,0,NA,Buildings,Project Level,"All new buildings, existing buildings",GHG emissions,Net Zero Community Wide Emissions,2040,"By 2030, All new buildings are net-zero carbon, emissions from existing buildings are reduced by 25%, and all natural gas-related emissions are reduced by 30%.
Community-wide emissions from refrigerant leakage are reduced by 25%.
The embodied carbon footprint of building materials used in local construction is reduced by 40%.
A community-wide water demand of approximately 152,000 acre-feet per year is equitably achieved.",NA,NA,500,kg CO2e/m2,NA,NA,NA,NA,NA,Project,NA,NA,"https://www.austintexas.gov/page/austin-climate-equity-plan#:~:text=All%20new%20buildings%20are%20net,construction%20is%20reduced%20by%2040%25. https://www.austintexas.gov/sites/default/files/files/Sustainability/Climate%20Equity%20Plan/ACEP_Sustainable%20Buildings.pdf",https://ucsb.box.com/s/cjxsjdxoteiic7nmc85y5xc00w0umy1u,"City of Austin. (n.d.). Austin climate equity plan. AustinTexas.gov. Retrieved November 27, 2023, from https://www.austintexas.gov/page/austin-climate-equity-plan#:~:text=All%20new%20buildings%20are%20net,construction%20is%20reduced%20by%2040%25",,
TRUE,Boulder Climate Action Plan,6/20/2024,"Irish, Hannah","Irish, Hannah",3/2/2025,"Boulder's Climate Action Plan lists an ambitious target to embodied carbon reduction. Under their objectives to achieve Net Zero carbon in new construction, the city is targeting to achieve a 40% reduction in embodied emissions by 2031. Starting in 2023, Boulder requires all new construction to conduct an analysis of embodied energy of the project, providing subsidies to offset the costs. ",Non-Statutory,Climate Commitment,0,0,1,0,Climate Action Plan,0,0,0,0,0,0,1,0,0,0,"Plan, Reporting/Analysis Requirement",Mandatory,City,"Boulder, Colorado, CA",United States,40.01682,-105.257,City of Boulder,Active,2021,2021,NA,NA,0,0,0,0,0,0,0,0,0,0,NA,Buildings,Project Level,All Buildings,GHG Emissions,40% reduction in embodied carbon emissions,2031,"By 2023, all new residential and commercial construction will be built electric ready. By 2023, require all new construction to conduct an analysis of embodied energy of the project, providing subsidies to offset the costs. By 2024, stand up a regional embodied energy roundtable of developers, architects, and contractors. By 2026, average EUI of commercial construction will be reduced 60% compared to a 2016 baseline. By 2026, partner with other communities and community stakeholders to collaborate on purchasing low carbon building materials for all future city operations; 10-15% reduction for new buildings annual; Align with Buy Clean Colorado",NA,NA,NA,NA,NA,NA,NA,NA,NA,NA,NA,NA,file:///C:/Users/hanna/Downloads/June_8_Study_Session_FINAL.pdf,https://ucsb.box.com/s/fdcmnhomv60wikyawztnimt1snq8z51k,"City of Boulder. (2021, June 8). Study session for June 8, 2021: Update on Climate Action Plan. [PDF]. https://bouldercolorado.gov/future-climate-action ",,
TRUE,Edmonton Climate Resilient Policy C627,11/16/2023,"Irish, Hannah","Irish, Hannah",3/2/2025,"This policy requires that all new buildings are built to an emissions-neutral standard. Embodied carbon analysis is completed for new construction and ideas such as passive design strategies, well-insulated building envelopes, and the use of energy-efficient technologies like LED lighting are encouraged. All New Construction shall require Embodied Carbon assessments (From Carbon Leadership Forum)",Statutory,Building Codes/Planning,1,0,0,0,Building Code Requirements,0,0,0,1,0,0,0,0,0,0,Reporting/Analysis Requirement,Mandatory,City,"Edmonton, Alberta, Canada",Canada,53.52362,-113.504,City of Edmonton,Active,2019,2021,NA,NA,0,0,0,0,0,0,0,0,0,0,A1-A5,Buildings,Project Level; Product Level,All New Construction,GHG Emissions,Carbon neutrality,2050,"25% reduction by 2025, 50% reduction by 2030",Type III EPD,NA,NA,NA,NA,NA,Product,EN 15978,NA,NA,NA,NA,https://www.edmonton.ca/sites/default/files/public-files/assets/PoliciesDirectives/C627.pdf?cb=1658876454,https://ucsb.box.com/s/u4ox17vnbmvsxgbk6msu9ptvknjv693r,City of Edmonton. (2021). Climate resilience: Climate change adaptation plan (Report No. C627a). City of Edmonton. https://www.edmonton.ca/sites/default/files/public-files/C627a.pdf?cb=1740980247,,
TRUE,Amherst Climate Action Adaptation and Resilience Plan,11/24/2023,"Hayes, Jackson","Irish, Hannah",3/2/2025,Amherst's Climate Action Adaptation and Resilience Plan under Beyound 2025 strategy aims to mandate embodied carbon analysis for new constructions and work towards setting regulatory thresholds including both operational and embodied carbon throughout the building life-cycle.,Non-Statutory,Climate Commitment,0,0,1,0,Climate Action Plan,0,0,0,0,0,0,1,0,0,0,Plan,NA,City,"Amherst, MA, USA",United States,42.3573,-72.5011,"City of Amherst, MA",Active,2021,2021,"3311, 3273","Cement, Steel, Brick, Glass, Gypsum board, Insulation, Flooring materials, Ceiling tile",0,1,0,1,1,0,0,0,1,1,NA,Buildings,Project Level,Municipally-Owned,GHG Emissions,Carbon Neutrality,2050,"25% below 2016 levels by 2025; 50% below 2016 levels by 2030
",NA,NA,NA,NA,NA,NA,NA,NA,NA,NA,NA,NA,https://www.amherstma.gov/DocumentCenter/View/56637/7a-CAARP_Town_Council_6-21-2021_final-slides-1,https://app.box.com/file/1373122842001,Amherst. (n.d.). Climate action and resilience plan (CAARP). Amherst. https://kladashboard-clientsourcefiles.s3.amazonaws.com/Amherst/CAARP+Final.pdf,,
TRUE,Phoenix Climate Action Plan - Embodied Carbon,12/1/2023,"Hayes, Jackson","Irish, Hannah",3/4/2025,"Phoenix’s Climate Action Plan includes language to reduce embodied carbon. Phoenix is moving towards reducing community carbon emissions from buildings, transportation, and waste to move toward becoming a carbon neutral city by 2050.",Non-Statutory,Climate Commitment,0,0,1,0,Climate Action Plan,0,0,0,0,0,0,1,0,0,0,Plan,NA,City,"Phoenix, AZ, USA",United States,33.42279,-112.082,City of Phoenix,Active,2021,2021,NA,NA,0,0,0,0,0,0,0,0,0,0,NA,NA,NA,NA,GHG Emissions,Carbon Neutrality,2050,50% GHG emissions cut by 2030,NA,NA,NA,NA,NA,NA,NA,NA,NA,NA,NA,NA,https://www.phoenix.gov/oepsite/Documents/2021ClimateActionPlanEnglish.pdf,https://ucsb.box.com/s/pist00c2icpop3jt96122gab2ku5c9fm,City of Phoenix. (2021). 2021 Climate Action Plan. City of Phoenix. https://www.phoenix.gov/oepsite/Documents/2021ClimateActionPlanEnglish.pdf,,
TRUE,Ann Arbor Resolution to Encourage and Accelerate the Use of Low Embodied Carbon Building Materials in Construction,11/16/2023,"Hayes, Jackson","Irish, Hannah",11/21/2023,"This resolution focuses on encouraging the use of low embodied carbon building materials in construction projects. It acknowledges the significant role of greenhouse gas emissions from the construction and operation of the built environment in climate change. The resolution directs the City Administrator to develop criteria for utilizing low embodied carbon building materials in building and infrastructure projects, provide an annual report on projects where these materials were used, develop and share resource materials on the City’s Planning website, and conduct public outreach about these materials.",Non-Statutory,"Climate Commitment, Training & Education",0,0,1,1,"Resolution/Declaration of Intent, Education",0,0,0,0,0,0,0,1,0,1,NA,Voluntary,City,"Ann Arbor, MI, USA",United States,42.27394,-83.7322,City of Ann Arbor,Active,2021,NA,"3311
3273","Concrete, Steel",1,1,0,0,0,0,0,0,0,0,NA,NA,Product Level,NA,GHG Emissions,NA,NA,NA,NA,NA,NA,NA,NA,NA,NA,NA,NA,NA,NA,NA,https://a2gov.legistar.com/ViewReport.ashx?M=R&N=Text&GID=55&ID=4598872&GUID=AF360C43-55BC-4A97-9C2B-916153E5C666&Title=Legislation+Text,https://ucsb.box.com/s/zh7rbe3stvyaye2gftafveyllh5i0r6v,"Ann Arbor City Council. (2022, April 2). Legislation text: AF360C43-55BC-4A97-9C2B-916153E5C666. City of Ann Arbor.https://a2gov.legistar.com/ViewReport.ashx?M=R&N=Text&GID=55&ID=4598872&GUID=AF360C43-55BC-4A97-9C2B-916153E5C666&Title=Legislation+Text",,
TRUE,Honolulu Concrete Mineralization Resolution,11/26/2023,"Irish, Hannah","Hayes, Jackson",3/5/2024,The resolution requests the Honolulu city administration to consider using carbon dioxide mineralization concrete for all future city infrastructure projects utilizing concrete.,Non-Statutory,Climate Commitment,0,0,1,0,Resolution/Declaration of Intent,0,0,0,0,0,0,0,1,0,0,NA,NA,City,"Honolulu, HI, USA",United States,21.30149,-157.785,"City Council of Honolulu, Hawaii",NA,2018,NA,3273,Concrete,1,0,0,0,0,0,0,0,0,0,NA,All Construction projects,Product Level,Civil Construction Projects,GHG Emissions,NA,NA,NA,NA,NA,NA,NA,NA,NA,NA,NA,NA,NA,NA,NA,https://www4.honolulu.gov/docushare/dsweb/Get/Document-212511/RES18-283.pdf,https://ucsb.box.com/s/1zlyfvw5r4rnau60tbm8p83oyyntn6dt,Honolulu City Council. (2018). Resolution 18-283: Confirming the appointment of a director of the department of human resources. City and County of Honolulu. https://www4.honolulu.gov/docushare/dsweb/Get/Document-212511/RES18-283.pdf,,
TRUE,Portland Design Overlay Zoning Amendments,11/27/2023,"Irish, Hannah","Hayes, Jackson",4/22/2024,The Portland Design Overlay Amendment has updated the tools and processes for Portland's overlay and design review program. It includes points for low-carbon concrete and for using wood products for sustainabily managed forests,Statutory,Building Codes/Planning,1,0,0,0,Zoning Incentives,0,0,0,0,1,0,0,0,0,0,Green Building Design,Voluntary,City,"Portland, OR, USA",United States,45.52179,-122.633,City of Portland,Active,2021,2021,"3219, 3273","Timber, Concrete",1,0,0,0,0,0,0,1,0,0,NA,Buildings,Project Level,Buildings meeting criteria in program,NA,NA,NA,NA,NA,NA,NA,NA,NA,NA,NA,NA,NA,NA,NA,NA,https://www.portland.gov/bps/planning/doza,https://ucsb.box.com/s/9c69c5nl6q9zd0cw79rle0rrtad5ibzu,Portland Bureau of Planning and Sustainability. (n.d.). Documents and resources: Council-approved ordinance documents and exhibits. City of Portland. https://www.portland.gov/ppd/planning/doza/documents-and-resources#toc-council-approved-ordinance-documents-and-exhibits,,
TRUE,Toronto Green Standard v4,11/16/2023,"Irish, Hannah","Hayes, Jackson",4/22/2024,"TGS sets requirements for high-performance, new development in Toronto. V4 introduces voluntary tracking requirements for building construction and lanscaping materials, in addition to low level mandatory requirements through planning approval. Future versions are planned for 2025 and 2027 to require low emissions buildings by requiring compliance with highest tier, currently voluntary performance standards",Statutory,Building Codes/Planning,1,0,0,0,Building Code Requirements,0,0,0,1,0,0,0,0,0,0,"Reporting/Analysis Requirement, Whole-Building Carbon Reduction",Both Mandatory and Voluntary Aspects,City,"Toronto, Ontario, Canada",Canada,43.69888,-79.3822,City of Toronto,Active,2022,2022,NA,NA,0,0,0,0,0,0,0,0,0,0,NA,All Construction,Project Level,All new projects,GHG Emissions,Net Zero Emissions,2040,"2025 and 2028 new, stricter versions of Toronto Green Standard",Project Application and Approval,NA,NA,20% reduction from baseline,NA,NA,NA,NA,NA,NA,NA,NA,https://www.toronto.ca/city-government/planning-development/official-plan-guidelines/toronto-green-standard/toronto-green-standard-version-4/,https://ucsb.box.com/s/vw9wttbmbehm4wmm5z983srd9a9n40pi,"City of Toronto. (2022). Toronto Green Standard, version 4. City of Toronto. https://www.toronto.ca/city-government/planning-development/official-plan-guidelines/toronto-green-standard/toronto-green-standard-version-4/",,
TRUE,Berkeley Green Building Requirements,11/12/2023,"Hayes, Jackson","Irish, Hannah",3/4/2025,"Berkeley Green Building Requirements require a 25% reduction of cement in concrete mixes and recognize fly ash, slag, silica fume, and rice hull ash as cement replacements; Also requires 100% of concrete and asphalt to be reused or recycled",Statutory,Building Codes/Planning,1,0,0,0,Building Code Requirements,0,0,0,1,0,0,0,0,0,0,Reporting/Analysis Requirement,Mandatory,City,"Berkeley, CA, USA",United States,37.86669,-122.274,City of Berkeley,Active,2022,2023,3273,Concrete,1,0,0,0,0,0,0,0,0,0,NA,Buildings,Project-level,Public and private new construction,"GHG Emissions, End-of-Life Imacts",25% reduction of cement in concrete mixes,NA,NA,NA,NA,NA,NA,25% reduction of cement in concrete mix,NA,NA,NA,NA,Product,NA,NA,https://berkeley.municipal.codes/BMC/19.37,https://ucsb.box.com/s/mys4eisgaqi1sibcyd82hiyq624wotul,"City of Berkeley. (n.d.). Berkeley Municipal Code, Section 19.37.040. City of Berkeley. https://berkeley.municipal.codes/BMC/19.37.040",,
TRUE,Vancouver Zoning Variances for Mass Timber ,11/27/2023,"Irish, Hannah","Hayes, Jackson",3/5/2024,The amendment of Zoning and Development By-Laws in the City of Vancouver allows mass timber construction 7 storeys and higher,Statutory,Building Codes/Planning,1,0,0,0,Zoning Incentives,0,0,0,0,1,0,0,0,0,0,Green Building Design,Both Mandatory and Voluntary Aspects,City,"Vancouver, British Columbia, Canada",Canada,49.25285,-123.116,City of Vancouver,Active,2019,2021,3219,TImber,0,0,0,0,0,0,0,1,0,0,NA,Buildings,Project Level,Mass Timber-qualified buildings seven stories or higher,NA,NA,NA,NA,NA,NA,NA,NA,NA,NA,Permit Application,NA,NA,NA,NA,NA,https://bylaws.vancouver.ca/bulletin/bulletin-mass-timber.pdf,https://ucsb.box.com/s/675p9skxwymeqxi3grwvrdlvne6bfr77,City of Vancouver. (n.d.). Zoning and land use document library amendments. City of Vancouver. https://vancouver.ca/home-property-development/zoning-land-use-document-library-amendments.aspx#bylaw,,
TRUE,Langford Low-Carbon Concrete Policy,12/3/2023,"Hayes, Jackson","Irish, Hannah",3/4/2025,"The Langford Low-Carbon Concrete Policy requires that all concrete supplied to City-owned or solicited projects, and private construction projects greater than 50 cubic meters, must be produced using post-industrial carbon dioxide (CO2) mineralization technologies, or an equivalent which offers concrete with lower embodied CO2.",Statutory,Clean Procurement,0,1,0,0,Owner Procurement Guidelines,0,1,0,0,0,0,0,0,0,0,Product/Material-Specific Carbon Limits or Reductions,Mandatory,City,"Langford, British Columbia, Canada",Canada,55.34067,-124.21,City of Langford,Active,2021,2022,3273,Concrete,1,0,0,0,0,0,0,0,0,0,A1-A3,Buildings,Product Level,"All Public Buildings, Private Buildings over 50 cubic meters",GHG Emissions,NA,NA,NA,Type III EPD,NA,NA,NA,NA,NA,EPD,ISO 14025,NA,Product,NA,NA,https://langford.ca/city-of-langford-announces-bold-low-carbon-concrete-policy/,https://ucsb.box.com/s/iizsiadtxte07rhxsr8uaqv60ddz5m8s,City of Langford. (n.d.). City of Langford announces bold low-carbon concrete policy. City of Langford. https://langford.ca/city-of-langford-announces-bold-low-carbon-concrete-policy/,,
TRUE,Township of Douro-Dummer Sustainable Development Program,11/26/2023,"Irish, Hannah","Hayes, Jackson",4/22/2024,"Approved single family, detached dwelling homes will receive a rebate for 40 to 80% reduction in project permitting fees sould they reach a carbon compliance threshold or reach carbon neutrality, respectively",Statutory,Building Codes/Planning,1,0,0,0,Building Design Incentives,0,0,0,0,0,1,0,0,0,0,Whole-Building Carbon Reduction,Voluntary,City,"Township of Douro-Dummer, Ontario, Canada",Canada,44.45196,-78.117,Township of Duoro-Dummer,Active,2020,2020,NA,NA,0,0,0,0,0,0,0,0,0,0,NA,Buildings,Project Level,Single family detached dwellings,GHG Emissions,29% reduction in community sector GHG emissions,2031,NA,"Report Submission, Application Approval","Yes, See Supporting Documents",NA,kgCO2e/m^2,Carbon Calculator with floor area,NA,Report,NA,NA,Building,NA,NA,"https://www.dourodummer.ca/en/building-and-renovating/resources/Sustainable-Development-Guidelines-2020.pdf
https://www.dourodummer.ca/en/building-and-renovating/sustainable-development-program.aspx",https://ucsb.box.com/s/rmek898tdp0he70zqowjw2pilj7vlybq,Township of Douro-Dummer. (2020). Sustainable development guidelines 2020. Township of Douro-Dummer. https://www.dourodummer.ca/en/building-and-renovating/resources/Sustainable-Development-Guidelines-2020.pdf,,
TRUE,Marin County Low Carbon Concrete Code,11/12/2023,"Hayes, Jackson","Irish, Hannah",11/21/2023,"The purpose of this chapter is to provide practical standards and requirements for the composition of concrete, as defined herein, that maintains adequate strength and durability for the intended application and at the same time reduces greenhouse gas emissions associated with concrete composition. This code includes pathways for compliance with either reduced cement levels or lower-emission supplementary cementitious materials.",Statutory,Clean Procurement,0,1,0,0,Buy Clean,1,0,0,0,0,0,0,0,0,0,Product/Material-Specific Carbon Limits or Reductions,Mandatory,U.S. County,"Marin County, CA, USA",United States,38.03677,-122.703,County of Marin,Active,2019,2022,3273,Concrete,1,0,0,0,0,0,0,0,0,0,A1-A3,Buildings,Project Level,Public and private new construction,GHG Emissions,NA,NA,NA,Type III EPD,"Yes, See Supporting Documents",260-675,kgCO2e/m^3,NA,NA,EPD,"ISO 14025, ISO 21930","PCR for Concrete, NSF",Product,NA,NA,https://library.municode.com/ca/marin_county/codes/municipal_code?nodeId=TIT19MACOBUCO_CH19.07CACORE_19.07.020DE,https://ucsb.box.com/s/572hoivx3xwth96v5n4moj1otkig5xrw,"County of Marin. (n.d.). Marin County Municipal Code, Section 19.07.020: Definitions. County of Marin. https://library.municode.com/ca/marin_county/codes/municipal_code?nodeId=TIT19MACOBUCO_CH19.07CACORE_19.07.020DE",,
TRUE,King County Strategic Climate Action Plan,12/10/2023,"Hayes, Jackson","Irish, Hannah",3/4/2025,King County's Strategic Climate Action Plan's strategies related to embodied carbon are: - Strategy 4.2.2: Partner with King County cities on C&D recovery and reuse. - Strategy 5.2.2: Support the transition to a reusable wood market. - Strategy GHG 3.3.1: Propose Strong Green Building Codes in Unincorporated King County. - Strategy GHG 4.2.1: Code development through the Regional Code Collaboration (RCC). - Strategy GHG 4.3.1: Propose strong green building codes in unincorporated King County. - Strategy GHG 4.14: Manage King County capital portfolios to maximize GHG emissions reductions in operational and embodied emissions. - Strategy GHG 5.8.1: Specifying low-embodied carbon building materials in King County capital projects.,Non-Statutory,Climate Commitment,0,0,1,0,Climate Action Plan,0,0,0,0,0,0,1,0,0,0,"Plan, Green Building Design",Voluntary,U.S. County,"King County, WA, USA",United States,47.45568,-121.877,King County Climate Action Committee,Active,2020,2021,32121,Wood,0,0,0,0,0,0,0,1,0,0,NA,Buildings,Product-level,"Public Buildings, Private Buildings",GHG Emissions,Net-Zero Public Buildings,NA,NA,Municipal Building Codes,NA,NA,NA,NA,NA,NA,NA,NA,NA,NA,NA,https://your.kingcounty.gov/dnrp/climate/documents/scap-2020-approved/2020-scap-reducing-ghg-emissions-section.pdf,https://app.box.com/file/1385082158182,King County. (2020). 2020 SCAP: Reducing greenhouse gas emissions section. King County. https://your.kingcounty.gov/dnrp/climate/documents/scap-2020-approved/2020-scap-reducing-ghg-emissions-section.pdf,,
TRUE,Denmark Building Code LCA Requirement,11/30/2023,"Irish, Hannah","Hayes, Jackson",3/6/2024,"National life-cycle carbon limits on new buildings. Mandatory. 2023. When applying for a building permit and when completing a building, an initial LCA (applying for permit) and final LCA (when completing a building) assessing the building's overall climate impact must be documented and complied. There are stricter voluntary targets",Statutory,Building Codes/Planning,1,0,0,0,Building Code Requirements,0,0,0,1,0,0,0,0,0,0,"Whole-Building Carbon Reduction, Reporting/Analysis Requirement",Both Mandatory and Voluntary Aspects,National,Denmark,Denmark,56.0771,9.257344,"Danish Transport, Construction, and Housing Authority",Active,2020,2023,NA,NA,0,0,0,0,0,0,0,0,0,0,NA,Buildings,Project Level,"All new buildings (LCA for under 1000m^2, thresholds for above)",GHG Emissions,Maximum GWP target of 7 kgCO2/m^2 ,2029,"10.5kgCO2/m^2 2027, 9 kgCO2/m^2 by 2027, for all building sizes ",Life Cycle Asessment,No,12,kgCO2/m^2,NA,2 years,LCA,NA,NA,Project,NA,NA,"https://nordicsustainableconstruction.com/news/2023/january/denmark-introduces-co2-limit-for-new-constructions#:~:text=The%20new%20Danish%20requirements%20entail,per%20square%20meters%20per%20year. https://greensurvey.dk/onewebmedia/New%20building%20regulations.pdf",https://ucsb.box.com/s/hjo9keboktwgkqm1mybdodpszlys5uf4 https://ucsb.box.com/s/1w9vja1rfvz09zdm3ruvaafrv7p182ie,"Nordic Sustainable Construction. (2023, January). Denmark introduces CO2 limit for new constructions. Nordic Sustainable Construction. https://www.nordicsustainableconstruction.com/news/2023/january/denmark-introduces-co2-limit-for-new-constructions#:~:text=The%20new%20Danish%20requirements%20entail,per%20square%20meters%20per%20year.",,
TRUE,GSA Buy Clean Task Force,11/9/2023,"Irish, Hannah","Hayes, Jackson",12/1/2023,Procurement policy requiring  materials to meet or be below maximum GWP threshold to be eligible to be included in all GSA-funded projects,Statutory,Clean Procurement,0,1,0,0,Buy Clean,1,0,0,0,0,0,0,0,0,0,Product/Material-Specific Carbon Limits or Reductions,Mandatory,National,USA,United States,40.94373,-101.352,US General Services Association,Active,2022,2022,3273,"Concrete/cement, Asphalt, Flat Glass, Steel",1,1,0,1,0,0,1,0,0,1,A1-A3,All construction projects,Product-level,All federal construction projects,GHG Emissions,20% reduction from GWP (CO2e) limits,NA,NA,Type III EPD,"Yes, See Supporting Documents","242-524 (concrete), top 20%, top 40%, better than average",CO2e kg/m^3,"""20% reduction from GWP (CO2e) limits in proposed code language: ""Lifecycle GHG Impacts in Building Codes"" by the New Buildings Institute, January 2022",NA,EPD,ISO 14025:2006,"PCR for Concrete, NSF",Product,NA,Email to embodiedcarbon@gsa.gov; GSA Project Management Information System,https://www.gsa.gov/system/files/Low%20embodied%20carbon%20concrete%20SOW%20language-Sept%202022.pdf; https://www.gsa.gov/real-estate/gsa-properties/inflation-reduction-act/lec-program-details/lec-pilot-fact-sheet,https://ucsb.box.com/s/x0uyxnp9jenpbvhol12875g01lo4owun,"General Services Administration. (2022, September). Low embodied carbon concrete SOW language. U.S. General Services Administration. https://www.gsa.gov/system/files/Low%20embodied%20carbon%20concrete%20SOW%20language-Sept%202022.pdf",,
TRUE,Royal Decree on Environmental Messages,11/26/2023,"Irish, Hannah","Hayes, Jackson",3/5/2024,Royal decree in Belgium setting the minimum requirements for environmental displays on construction products and for the registration of environmental product declarations in the federal database,Statutory,Climate Commitment,0,0,1,0,Resolution/Declaration of Intent,0,0,0,0,0,0,0,1,0,0,Reporting/Analysis Requirement,Both Mandatory and Voluntary Aspects,National,Belgium,Belgium,50.66496,4.597948,Belgium Federal Government,Active,2014,2015,NA,All construction products,0,0,0,0,0,0,0,0,0,0,"A1-A4, C2-C3",All products on the market in Belgium,Product Level,All,"Climate Change, Etc.",NA,NA,NA,Type III EPD,NA,NA,NA,NA,NA,EPD,"ISO 14044, ISO 14021",NA,NA,NA,Belgium Federal Database,http://www.ejustice.just.fgov.be/cgi_loi/loi_a1.pl?sql=(text%20contains%20(%27%27))&language=fr&rech=1&tri=dd%20AS%20RANK&value=&table_name=loi&F=&cn=2014052234&caller=image_a1&fromtab=loi&la=F#LNK0005,https://ucsb.box.com/s/x31dkirr1ynzica1rv7nzjivvf26ohto,"Belgian Official Gazette. (2014, May 22). Loi relative à la protection des consommateurs [Law on consumer protection]. Moniteur belge. https://www.ejustice.just.fgov.be/cgi_loi/loi_a1.pl?sql=(text%20contains%20(%27%27))&language=fr&rech=1&tri=dd%20AS%20RANK&value=&table_name=loi&F=&cn=2014052234&caller=image_a1&fromtab=loi&la=F#LNK0005",Note that this is from a translated source,
TRUE,Buy Clean California Act,11/9/2023,"Irish, Hannah","Hayes, Jackson",12/1/2023,"Procurement policy requiring materials (Structural Steel and concrete reinforcing steel, flat glass, mineral wood board insulation) to meet maximum GWP limits as certified by an EPD to be eligible for inclusion in a state public construction project",Statutory,Clean Procurement,0,1,0,0,Buy Clean,1,0,0,0,0,0,0,0,0,0,Product/Material-Specific Carbon Limits or Reductions,Mandatory,State,"CA, USA",United States,37.22544,-119.856,California Department of General Services; California Air Resources Board,Active,2017,2022,"331221, 3311, 327211, 321","Hot-Rolled Structural Steel, Hollow structural sections, steel plate, rebar, flat glass, light-density mineral wood board insulation, heavy-density mineral wood board insulation",0,1,0,0,0,0,0,0,1,1,A1-A3,All construction,Product-level,All public works projects,GHG Emissions,NA,NA,"2025 and every 3 years, new maximum acceptable GWP",Type III EPD,"Yes, See Supporting Documents","1010, 1710, 1490, 890, 1430, 3.33, 8.16","kg CO2eq, CO2eq, CO2eq, CO2eq, CO2eq, 1 m2of insulation at RSI=1, 1 m2of insulation at RSI=1 ",Industry average,3 years,EPD,ISO 14025:2006,"Part B: Product Category Rule (PCR) Guidance for Building-Related Products and Services Part B: Designated Steel Construction Product EPD Requirements, UL; NGA PCR for Flat Glass: UN CPC 3711, NSF International; Part B: Building Envelope Thermal Insulation EPD Requirements, UL Environment",Product,NA,NA,https://leginfo.legislature.ca.gov/faces/codes_displayText.xhtml?division=2.&chapter=3.&part=1.&lawCode=PCC&article=5.,https://ucsb.box.com/s/vplyasqh05swvylsy4naeyp6epsx44wv,California. (n.d.). Public Contract Code - PCC Section 10100-10104: Article 5. California Legislative Information. https://leginfo.legislature.ca.gov/faces/codes_displayText.xhtml?division=2.&chapter=3.&part=1.&lawCode=PCC&article=5,,
TRUE,NYS Buy Clean Concrete,11/16/2023,"Irish, Hannah","Hayes, Jackson",12/17/2023,"The NYS Buy Clean Concrete guidelines implements S542A, signed into law as State Finance Law 135-d December 2021, effective June 2022. The law calls for the Office of General Services (OGS) to establish guidelines requiring the procurement of low embodied carbon concrete on projects deemed appropriate by the office. The Law is intended to increase the: use and innovation of low carbon concrete in state procurement projects. The guidelines below were developed with input from a diverse group of stakeholders in concrete and government procurement in the state of New York during Q1 - Q3 2023",Statutory,Clean Procurement,0,1,0,0,Buy Clean,1,0,0,0,0,0,0,0,0,0,Product/Material-Specific Carbon Limits or Reductions,Both Mandatory and Voluntary Aspects,State,"NY, USA",United States,43.01428,-74.8701,New York Office of General Services,Active,2021,2022,3273,Concrete mixes,1,0,0,0,0,0,0,0,0,0,NA,"Building, transportation",Product-level,State agency contracts exceeding $1 million that involve the use of at least 50 cubic yards of concrete,GHG Emissions,NA,NA,2027 and subsequent years,Type III EPD,"Yes, See Supporting Documents",275-541,kgCO2eq/y^3,150% of the Eastern Region average GWP figures from the National Ready Mix Concrete Associations’ “A Cradle-to-Gate Life Cycle Assessment of Ready-Mixed Concrete Manufactured by NRMCA Members,2 years,EPD,NA,NA,Product,50 cubic yards of concrete,NA,https://ogs.ny.gov/nys-buy-clean-concrete-guidelines-0,https://ucsb.box.com/s/tc6v8w70gkjh7zhwoq3cjk8pvp0w49z2,New York State Office of General Services. (n.d.). NYS Buy Clean Concrete Guidelines. New York State Office of General Services. https://ogs.ny.gov/nys-buy-clean-concrete-guidelines-0,,
TRUE,Michigan Healthy Climate Plan,11/16/2023,"Hayes, Jackson","Irish, Hannah",11/21/2023,"The MI Healthy Climate Plan is a comprehensive strategy developed by the Michigan Department of Environment, Great Lakes, and Energy (EGLE) to achieve economy-wide carbon neutrality in Michigan by 2050, with aggressive interim targets. The plan addresses the impacts of climate change in Michigan and outlines actions to reduce greenhouse gas emissions, improve health outcomes, right environmental injustices, and create economic opportunities. The plan notes buy clean as a priority method for decreasing material carbon levels in buildings",Non-Statutory,Climate Commitment,0,0,1,0,Climate Action Plan,0,0,0,0,0,0,1,0,0,0,Plan,Both Mandatory and Voluntary Aspects,State,"MI, USA",United States,43.29033,-84.5787,"Michigan Department of Environment, Great Lakes, and Energy",Active,2022,NA,"3273, 3311","Cement, steel, iron",0,1,0,1,0,1,0,0,0,0,NA,NA,NA,NA,GHG Emissions,Carbon Neutrality,2050,2030,2021 IECC,No,NA,NA,NA,NA,NA,NA,NA,NA,NA,NA,https://www.michigan.gov/egle/-/media/Project/Websites/egle/Documents/Offices/OCE/MI-Healthy-Climate-Plan.pdf?rev=d13f4adc2b1d45909bd708cafccbfffa&hash=99437BF2709B9B3471D16FC1EC692588,https://ucsb.box.com/s/54cc9737ny6ah3qjjcj5btmxv08hhccx,"Michigan Department of Environment, Great Lakes, and Energy. (2022). MI Healthy Climate Plan. Michigan Department of Environment, Great Lakes, and Energy. https://www.michigan.gov/egle/-/media/Project/Websites/egle/Documents/Offices/OCE/MI-Healthy-Climate-Plan.pdf?rev=d13f4adc2b1d45909bd708cafccbfffa&hash=99437BF2709B9B3471D16FC1EC692588",,
TRUE,New York State Executive Order 22,11/16/2023,"Irish, Hannah","Hayes, Jackson",12/17/2023,"Executive Order 22 is a procurement policy that requires all asphalt mix, concrete mix, glass, and steel manufacturers to submit an EPD for eligibility for New York State contracts above $1 million and above a material disclosure quantity At this time maximum emissions limits have not been set. ",Statutory,Clean Procurement,0,1,0,0,Buy Clean,1,0,0,0,0,0,0,0,0,0,Product/Material-Specific Carbon Limits or Reductions,Mandatory,State,"NY, USA",United States,40.7128,-74.006,New York Governor's Office,Active,2022,2023,"3273, 3311, 331221, 327211, 32412","Concrete mixes, asphalt mixes, steel, glass",1,1,0,0,0,0,1,0,0,1,A1-A3,"Building, all construction",Product-level,"New York state projects over $1 million, over a certain material disclosure limit",GHG Emissions,NA,NA,NA,Type III EPD,NA,NA,NA,NA,NA,EPD,ISO 14025:2006,NA,Product,"Concrete mixes: 50 cubic yards or more; Asphalt mixes: 16854 pounds (or 10 cubic yards) or more; Steel: 20000 pounds or more of rebar, 5000 pounds or more, other steel; Glass: 2000 square feet or more",NA,https://ogs.ny.gov/executive-order-22-embodied-carbon-guidance https://ogs.ny.gov/system/files/documents/2023/08/eo22-embodied-carbon-guidance_aug-2023.pdf ,https://ucsb.box.com/s/rhfdasklw5mw94jzerv3z9mg0ubzng1z  https://ucsb.box.com/s/rhfdasklw5mw94jzerv3z9mg0ubzng1z,New York State Office of General Services. (2022). Executive order 22: Embodied carbon guidance. New York State Office of General Services. https://ogs.ny.gov/executive-order-22-embodied-carbon-guidance,,
TRUE,Oregon HB 4139,12/19/2023,"Hayes, Jackson","Irish, Hannah",3/20/2024,"Requires Department of Transportation to establish by 2025 a program to reduce greenhouse gas emissions that assesses greenhouse gas emissions attributable to certain covered materials department uses in construction and maintenance activities for state's transportation system, conducts life cycle assessments for selected set of construction and maintenance activities and devises strategies for reducing greenhouse gas emissions",Statutory,Climate Commitment,0,0,1,0,Climate Action Plan,0,0,0,0,0,0,1,0,0,0,NA,Mandatory,State,"Oregon, USA",United States,44.04302,-120.649,Oregon Department of Transportation,Active,2022,2025,"3312, 3273","Steel including rebar, reinforcing steel and structural steel, hot-rolled sections, hollow sections, plate steel and cold-formed steel; Concrete, including ready mix concrete, shotcrete, precast concrete and concrete masonry units; Asphalt paving mixtures",1,1,0,0,0,0,1,0,0,0,A1-A5,Transportation projects,"Project, Product",Transportation Projects,GHG Emissions,"Conduct LCA, Assess embodied co2",2025,NA,Type III EPD,NA,NA,NA,NA,NA,LCA; EPD,ISO 14025; ISO 14040,NA,NA,NA,NA,https://olis.oregonlegislature.gov/liz/2022R1/Downloads/MeasureDocument/HB4139/Enrolled,https://app.box.com/file/1393353357425,Oregon Legislative Assembly. (2022). HB 4139: Enrolled version. Oregon Legislative Assembly. https://olis.oregonlegislature.gov/liz/2022R1/Downloads/MeasureDocument/HB4139/Enrolled,,
TRUE,"Washington HB 1103 Buy Clean, Buy Fair",1/30/2023,"Hayes, Jackson","Irish, Hannah",3/20/2024,"Buy Clean is a procurement policy approach that addresses embodied carbon in state-funded construction projects by incorporating low-carbon construction requirements into state purchasing, including requirements for the disclosure of EPDs for products used on state projects",Statutory,Clean Procurement,0,1,0,0,Buy Clean,1,0,0,0,0,0,0,0,0,0,Product/Material-Specific Carbon Limits or Reductions,Mandatory,State,"WA, USA",United States,47.50357,-120.773,State of Washington,Active,2021,2022,"3273, 3311, 331221, 327211, 32412","structural concrete, reinforcing steel, structural
steel, and engineered wood products",1,1,0,0,0,0,0,1,0,0,A1-A3,All Construction Projects,Product Level,"Public construction projects larger than 50,000 square feet or building renovation projects where the cost is greater than 50 percent of the assessed value and the project is larger than 50,000 square feet.",GHG Emissions,NA,NA,NA,Type III EPD,NA,NA,NA,NA,NA,EPD,ISO 14025,NA,Product,NA,NA,"https://lawfilesext.leg.wa.gov/biennium/2021-22/Pdf/Bills/House%20Bills/1103.pdf?q=20240201162252
https://www.bluegreenalliance.org/wp-content/uploads/2022/01/Buy-Clean-Buy-Fair-WA-011822-vFINAL-1.pdf",https://app.box.com/file/1432691747863,Washington State Legislature. (2021). HB 1103: House Bill 1103 - 2021-22. Washington State Legislature. https://lawfilesext.leg.wa.gov/biennium/2021-22/Pdf/Bills/House%20Bills/1103.pdf?q=20240201162252,,
TRUE,Buy Clean Colorado Act,11/8/2023,"Irish, Hannah","Hayes, Jackson",3/5/2024,Procurement policy requiring materials (Asphalt and asphalt mixtures; cement and concrete mixtures; glass; post-tension steel; reinforcing steel; structural steel; wood structural elements) to meet maximum GWP limits as certified by an EPD to be eligible for inclusion in a state public construction project,Statutory,Clean Procurement,0,1,0,0,Buy Clean,1,0,0,0,0,0,0,0,0,0,Product/Material-Specific Carbon Limits or Reductions,Mandatory,State,"CO, USA",United States,38.85265,-105.551,Office of the State Architect,Active,2021,2024,"3273, 32412, 3272, 3311","Ashphalt and asphalt mixtures, cement and concrete mixtures, glass, post-tension steel, structural steel, wood structural elements",1,1,0,1,0,0,1,1,0,1,A1-A3,Buildings,Product-level,Public projects,GHG Emissions,NA,NA,2027 and every 4 years after,Type III EPD,NA,"85, 232-1112, 1510, NA, 1030, 1220-2843, varies","kg CO2 eq, kgCO2e/m3, kgCO2e/t",Industry Average,4 years,EPD,ISO 14025:2006,NA,Product,NA,NA,https://leg.colorado.gov/sites/default/files/2021a_1303_signed.pdf,https://ucsb.box.com/s/x01y7row6bwfmspm46o18mumyhqh12li,Colorado Office of the State Architect. (n.d.). Buy Clean Colorado Act: Max GWP limits. Colorado Office of the State Architect. https://osa.colorado.gov/energy-environment/buy-clean-colorado-act/max-gwp-limits,,
FALSE,Singapore's Green Building Masterplan,12/11/2023,"Hayes, Jackson","Hayes, Jackson",3/7/2025,"Singapore's Green Building Masterplan was updated in 2021 including the Building and Construction Authority's Green Mark certification scheme that includes language on raising energy performance standards and placing greater emphasis on other important sustainability outcomes such as designing for maintainability, reducing embodied carbon across a building's life cycle, and creating healthier environments for building users. The Green Mark 2021 scheme is aligned with the United Nations' Sustainability Development Goals.",Statutory,Climate Commitment,0,0,1,0,Building Code Requirements,0,0,0,1,0,0,0,0,0,0,Green Building Design,Mandatory,National,Singapore,Singapore,1.350283,103.8218,Singapore Building and Construction Authority,Active,2021,2022,"3273, 32721, 3312","Concrete, Glass, Steel ",1,1,0,0,0,0,0,0,0,1,A1-A5,Buildings,Product,Buildings,GHG Emissions,80% reduction of emissions,2050,Emissions cut to 60 MtCO2e by 2030,Green Mark 2021,NA,"10% Reduction from baseline, 20% reduction from baseline",kgCO2/m^2,NA,NA,Project," ISO 21930, ISO 14067,  ISO 14025, ISO 14040, ISO 14044",NA,Project,NA,NA,chrome-extension://efaidnbmnnnibpcajpcglclefindmkaj/https://www1.bca.gov.sg/docs/default-source/docs-corp-buildsg/sustainability/20220726_singapore-green-building-masterplan-booklet.pdf?sfvrsn=151fba03_8,https://app.box.com/file/1797003201232,"Building and Construction Authority. (n.d.). Green building masterplans. Building and Construction Authority. https://www1.bca.gov.sg/buildsg/sustainability/green-building-masterplans#:~:text=The%20SGBMP%20aims%20to%20deliver,80%2D80%20in%202030%E2%80%9D.&text=The%20earlier%20editions%20of%20the,Singapore's%20buildings%20have%20been%20greened",,
TRUE,Canada Green Procurement Policy Standard on Embodied Carbon in Construction,12/7/2023,"Irish, Hannah","Hayes, Jackson",5/9/2024,Inclusion in new construction products of projects over $10million and 100m3 must include EPDs of concrete mixes used so that the total kgCO2/m3 in the project is at least 10% below the industry baseline,Statutory,Clean Procurement,0,1,0,0,Buy Clean,1,0,0,0,0,0,0,0,0,0,Product/Material-Specific Carbon Limits or Reductions,Mandatory,National,Canada,Canada,58.60984,-106.723,Government of Canada,Active,2018,2022,3273,Concrete,1,0,0,0,0,0,0,0,0,0,A1-A3,Buildings,Project Level,"New construction or renovation above material quantity threshold; $10 million solicitations 2022, $5 million solicitations after 2024",GHG emissions,NA,NA,NA,Type III EPD,No,At least 10% less than GHG baseline,kgCO2/m^3,Regional Industry Average Environmental Product Declaration,NA,EPD,ISO 14025; ISO 21930,NSF International Product Category Rule (PCR) for Concrete ,Product,100 m3 (sum of all mixes used),NA,https://www.tbs-sct.canada.ca/pol/doc-eng.aspx?id=32742,https://ucsb.box.com/s/1crsolp2tzwjm15do05mo43zq5pctxh8,Treasury Board of Canada Secretariat. (2019). Policy on green procurement. Treasury Board of Canada Secretariat. https://www.tbs-sct.canada.ca/pol/doc-eng.aspx?id=32742,,
TRUE,Draft Green Public Procurement Strategy and Action Plan 2023-2027,12/11/2023,"Irish, Hannah","Hayes, Jackson",5/9/2024,"An update to the current Green Tender plan, this GPP strategy action plan will require the Irish government to publish GPP rules for public works projects, including the following of design guidelines for different materials used in the production of public and commercial buildings",Statutory,Climate Commitment,0,0,1,0,Climate Action Plan,0,0,0,0,0,0,1,0,0,0,Plan,NA,National,Ireland,Ireland,53.12096,-7.92307,"Ireland Department of the Environment, Climate and Communications",Active,2023,2024,"321, 3273","Wood, Cement",0,0,0,1,0,0,0,1,0,0,NA,Buildings,Product,Public and Commercial buildings,GWP,30% reduction in embodied carbon in construction materials,2030,Support the deliver of emissions savings of 375 KtCO2 in public (and commercial) buildings and by 735 KtCo2 by 2030,Type III EPD,NA,NA,NA,NA,NA,EPD,EN 15804,NA,Product,NA,EPD Ireland,https://assets.gov.ie/271900/967d9357-f76f-40be-a939-aaae7518f067.pdf,https://ucsb.box.com/s/n493qnx1t6u13lxs7jlxhkbabza253o2,"Government of Ireland Department of The Environment, Climate and Communications. (2023). Draft Green Public Procurement Strategy
and Action Plan 2023-2027. https://assets.gov.ie/271900/967d9357-f76f-40be-a939-aaae7518f067.pdf
. ",,
TRUE,CleanBC,12/14/2023,"Hayes, Jackson","Irish, Hannah",3/6/2025,"CleanBC has a Roadmap to 2030, which among many goals, aims to reduce embodied carbon by using more low-carbon building materials, such as mass timber, wood-based insulation, carbon-absorbing concrete, and concrete made with lignin fibres from trees and other plants. To accomplish this, the government will develop a Low Carbon Building Materials Strategy by 2030 that includes a holistic approach to decarbonizing buildings, initially emphasizing public sector buildings, by 2030.",Non-Statutory,Climate Commitment,0,0,1,0,Climate Action Plan,0,0,0,0,0,0,1,0,0,0,Plan,NA,National,"British Columbia, Canada",Canada,55.34067,-124.21,British Columbia,Active,2018,2018,"321, 3273","Mass timber, concrete",1,0,0,0,0,0,0,1,0,0,NA,Buildings,Product,Buildings,GHG Emissions,Develop Low Carbon Building Strategy,2023,Set targets for low carbon materials by 2030,NA,NA,NA,NA,NA,NA,NA,NA,NA,NA,NA,NA,https://www2.gov.bc.ca/assets/gov/environment/climate-change/action/cleanbc/cleanbc_roadmap_2030.pdf,https://app.box.com/file/1389303950239,Government of British Columbia. (2020). CleanBC roadmap to 2030. Government of British Columbia. https://www2.gov.bc.ca/assets/gov/environment/climate-change/action/cleanbc/cleanbc_roadmap_2030.pdf,,
TRUE,Greening Government Strategy,11/26/2023,"Irish, Hannah","Hayes, Jackson",3/6/2024,The government is prioritizing the reduction of embodied carbon of the structural materials of major construction projects by 30% starting 2025,Non-Statutory,Climate Commitment,0,0,1,0,Climate Action Plan,0,0,0,0,0,0,1,0,0,0,Plan,NA,National,Canada,Canada,58.60984,-106.723,Canadian Federal Government,NA,2020,2025,NA,NA,0,0,0,0,0,0,0,0,0,0,NA,Buildings,Product Level,All new buildings and major retrofits,NA,Reduction of embodied carbon of structural materials of major construction projects by 30%,2025,NA,Disclosure of embodied carbon of products through life-cycle analysis of major building projects,NA,NA,NA,NA,NA,NA,NA,NA,NA,NA,NA,https://www.canada.ca/en/treasury-board-secretariat/services/innovation/greening-government/strategy.html#toc3-5,https://ucsb.box.com/s/xi5unm3u68uiezydtnb5rljlyhhdjgoq,Treasury Board of Canada Secretariat. (n.d.). Greening government strategy. Government of Canada. https://www.canada.ca/en/treasury-board-secretariat/services/innovation/greening-government/strategy.html#toc3-5,,
TRUE,Rijkswaterstaat SPP,3/5/2024,"Irish, Hannah","Hayes, Jackson",5/9/2024,"The Rikjswaterstaat (RWS) is part of the Dutch Ministry of Infrastructure and Water Management and responsible for the design, construction, management and maintenance of the main infrastructure facilities in the Netherlands. RWS states that suppliers that can prove using the SPP tool that their products offer substantial CO2 savings potentials will be prioritized in procurement",Statutory,Clean Procurement,0,1,0,0,Owner Procurement Guidelines,0,1,0,0,0,0,0,0,0,0,Whole-Building Carbon Reduction,Voluntary,National,The Netherlands,The Netherlands,52.20953,5.465379,Dutch Ministry of Infrastructure and Water Management,Active,2010,2010,NA,NA,0,0,0,0,0,0,0,0,0,0,NA,All construction,Product Level,National Infrastructure facilities,"GHG Emissions, Energy Efficiency",Full circular procurement ,2050,NA,National Sustainable Public Procurement rating system,NA,NA,NA,NA,NA,Criteria Tool Output,NA,NA,Product,NA,NA,https://procuraplus.org/public-authorities/rijkswaterstaat/,https://ucsb.box.com/s/5e1rgqmatb82rf2oe6oe59bd10zne7ce,"Procuraplus. (n.d.). Public authorities: Rijkswaterstaat. Procuraplus. https://procuraplus.org/about-procura/public-authorities/rijkswaterstaat#:~:text=SPP%20IN%20RIJKSWATERSTAAT,mainstreaming%20sustainable%20and%20circular%20procurement.",,
TRUE,Finland Mandatory Green Public Procurement of Low-Carbon Buildings,12/7/2023,"Irish, Hannah","Hayes, Jackson",5/9/2024,Finland mandatory green public procurement criteria are planned to be in effect in 2025 using Finland's Method for Whole Life Carbon Assessment of Buildings. Also currently has voluntary limits published,Statutory,Building Codes/Planning,1,0,0,0,Building Code Requirements,0,0,0,1,0,0,0,0,0,0,Whole-Building Carbon Reduction,Both Mandatory and Voluntary Aspects,National,Finland,Finland,63.14825,26.38126,"Ministry of Finance, Ministry of Environment",Planned,2016,2025,NA,NA,0,0,0,0,0,0,0,0,0,0,"A1-A5, C1-C4",Buildings,Project Level,"New buildings, extensive repairs","GHG emissions, energy efficiency",Carbon Neutrality,2035,Stricter limits for public procurement,LCA,NA,NA,NA,NA,NA,LCA,"ISO 14040, EN ISO 14044, ISO 14067",NA,Project,NA,Database planned,https://acris.aalto.fi/ws/portalfiles/portal/53964010/30_1541_1_PB.pdf,https://ucsb.box.com/s/e4yl4faezi7i4vw167h2cop36sikom0e,Aalto University. (n.d.). 30_1541_1_PB. Aalto University. https://acris.aalto.fi/ws/portalfiles/portal/53964010/30_1541_1_PB.pdf,,
TRUE,Climate Declaration for New Buildings,11/27/2023,"Irish, Hannah","Hayes, Jackson",5/5/2024,"All buildings over 100,000 square meters must submit a climate declaration starting in January 2022 in order to receive their building permit. Developers must submit data for modules A1-A5 in the climate declaration that is registered at Boverket in their database, The building's envelope, load-bering structures, and interior walls must be included in the declaration",Statutory,Building Codes/Planning,1,0,0,0,Building Code Requirements,0,0,0,1,0,0,0,0,0,0,Reporting/Analysis Requirement,Mandatory,National,Sweden,Sweden,62.09474,15.35726,"Sweden National Board of Housing, Building and Planning",Active,2019,2022,NA,"Load-bearing structures, interior walls, building envelope",0,0,0,0,0,0,0,0,0,0,A1-A5,Buildings,Project Level,All new buildings,GHG Emissions,Climate Neutrality,2045,NA,Type III EPD,NA,NA,NA,NA,NA,EPD,"ISO 14040, ISO 14044, ISO 14025",NA,NA,NA,KTH National Repository,https://nordicsustainableconstruction.com/Media/637985265628454917/NCFC_2022_Limit%20values%20Sweden_Kristina%20Einarsson.pdf https://www.boverket.se/en/start/building-in-sweden/developer/rfq-documentation/climate-declaration/,https://ucsb.box.com/s/m5xgobjl77rvej5kb3t56u824cj7nx2khttps://ucsb.box.com/s/z1n7fbnw2jzy7glpzff8vfhd8c1kjmac ,"Einarsson, K. (2022). Limit values Sweden. Nordic Sustainable Construction. https://www.nordicsustainableconstruction.com/Media/637985265628454917/NCFC_2022_Limit%20values%20Sweden_Kristina%20Einarsson.pdf",,
TRUE,RE2020,11/26/2023,"Irish, Hannah","Hayes, Jackson",5/5/2024,Requirements for all new buildings in France to have a primary  total energy use limit ,Statutory,Building Codes/Planning,1,0,0,0,Building Code Requirements,0,0,0,1,0,0,0,0,0,0,Whole-Building Carbon Reduction,Mandatory,National,France,France,47.06201,2.327431,French Ministry of Ecological Transition,Active,2020,2022,NA,NA,0,0,0,0,0,0,0,0,0,0,NA,Buildings,Project Level,All new buildings,Energy Use,Net Zero,2050,15% reduction in building carbon emissions in 2025 compared to 2022,NA,"Yes, See Supporting Documents","640, 740",CO2eq/m2,NA,NA,NA,NA,NA,Project,NA,NA,https://www.interregeurope.eu/good-practices/environmental-regulation-2020-re2020 https://www.greendesignconsulting.com/single-post/re2020-new-buildings-regulation-for-french-carbon-neutrality-by-2050,https://www.greendesignconsulting.com/single-post/re2020-new-buildings-regulation-for-french-carbon-neutrality-by-2050,"Green Design Consulting. (2020, December 3). RE2020: New buildings regulation for French carbon neutrality by 2050. Green Design Consulting. https://www.greendesignconsulting.com/single-post/re2020-new-buildings-regulation-for-french-carbon-neutrality-by-2050",,
TRUE,Green Tenders: An Action Plan on Green Public Procurement,12/11/2023,"Irish, Hannah","Hayes, Jackson",5/5/2024,"The current action plan for green public procurement (GPP) recognizes the need for GPP in line with EU goals for 50% public procurement as green, and construction is recognized as a necessary avenue for public procurement, with wood specifically mentioned. This will be replaced by the Green Public Procurement Strategy 2023-2027 once it is passed",Non-Statutory,Climate Commitment,0,0,1,0,Climate Action Plan,0,0,0,0,0,0,1,0,0,0,Plan,Mandatory,National,Ireland,Ireland,52.97187,-7.96507,"Ireland Department of the Environment, Climate and Communications",Active,2021,2021,321,Wood,0,0,0,0,0,0,0,1,0,0,NA,Buildings,Product,Public buildings,NA,50% procurement as GPP,NA,NA,NA,NA,NA,NA,NA,NA,NA,NA,NA,NA,NA,NA,https://assets.gov.ie/124710/90335b18-8d7d-4217-b2a9-dfc5ce01cd57.pdf,https://ucsb.box.com/s/9xw2uvrc36z95fh726e3jmgqmei2frze,Department of Public Expenditure and Reform. (n.d.) An Action on Green Public Procurement. https://assets.gov.ie/124710/90335b18-8d7d-4217-b2a9-dfc5ce01cd57.pdf,,
TRUE,Whole-of-Life Embodied Carbon Emissions Reduction Framework,12/11/2023,"Irish, Hannah","Hayes, Jackson",5/5/2024,"New Zealand framework for reduction of embodied carbon in buildings has the following steps which shall be forthcoming as developed by the Ministry of Business: 1. New public sector buildings will report Whole Life Embodied Carbon, 2. All new buildings will report Whole Life Embodied Carbon, 3. All new buildings will have to meet initial carbon caps. 4. All new buildings will have to meet intermediate carbon caps, 5. All new buildings will have to meet carbon caps to achieve net zero emissions for new zealand",Non-Statutory,Climate Commitment,0,0,1,0,Climate Action Plan,0,0,0,0,0,0,1,0,0,0,"Reporting/Analysis Requirement, Whole-Building Carbon Reduction",Mandatory,National,New Zealand,New Zealand,-44.3188,170.5215,"New Zealand Ministry of Business, Innovation, and Employment",Active,2020,2020,NA,NA,0,0,0,0,0,0,0,0,0,0,A1-A5,Buildings,Project,"New Building, public sector first",GWP,Institute embodied carbon cap for buildings,Net Zero Carbon Emissions,2050,LCA,NA,NA,NA,NA,NA,Project,"EN 15804, EN 15978, ISO 21930",NA,Project,NA,NA,https://www.mbie.govt.nz/dmsdocument/11794-whole-of-life-embodied-carbon-emissions-reduction-framework,https://ucsb.box.com/s/oz4g825t2jttkjxl7kpn9beshqahqujs,"Ministry of Business, Innovation and Employment. (n.d.). Whole-of-life embodied carbon emissions reduction framework. Ministry of Business, Innovation and Employment. https://www.mbie.govt.nz/dmsdocument/11794-whole-of-life-embodied-carbon-emissions-reduction-framework",,
TRUE,Washington HB 1080,12/19/2023,"Hayes, Jackson","Irish, Hannah",3/6/2025,The 2021-23 Biennium Budgets fund the creation of a database to track materials purchased for state-funded infrastructure projects and two large Buy Clean and Buy Fair pilot projects.,Statutory,Training & Education,0,0,0,1,Research Funding,0,0,0,0,0,0,0,0,1,0,Research,NA,State,"Washington, USA",United States,47.08181,-120.512,State of Washington,Active,2019,2021,NA,NA,0,0,0,0,0,0,0,0,0,0,NA,All construction,Project,Public Infrastructure Projects,GHG Emissions,"Develop Pilot Study for Buy Clean, Quantify embodied carbon",2023,NA,NA,NA,NA,NA,NA,NA,NA,N,NA,NA,NA,NA,https://lawfilesext.leg.wa.gov/biennium/2021-22/Pdf/Amendments/Senate/1080-S%20AMS%20FROC%20S3081.3.pdf,https://app.box.com/file/1393370121454,Washington State Legislature. (2022). Senate amendment 1080-S AMS FROC S3081.3. Washington State Legislature. https://lawfilesext.leg.wa.gov/biennium/2021-22/Pdf/Amendments/Senate/1080-S%20AMS%20FROC%20S3081.3.pdf,See Sec. 7020,
TRUE,No. 594: Leading By Example: Decarbonizing and Minimizing Environmental Impacts of State Government,11/5/2023,"Hayes, Jackson","Irish, Hannah",11/21/2023,"This executive order from the MA governor sets carbon neutrality goals for the state as well as requires state agencies to assess and implement strategies to mitigate ghg and other environmental impacts when planning for and executing projects relating to the design, construction, operations, and maintenance of state facilities, and the procurement of goods and services. All state agency new construction after July 2021 must certify to LEED silver or higher",Statutory,Climate Commitment,0,0,1,0,Climate Action Plan,0,0,0,0,0,0,1,0,0,0,Reporting/Analysis Requirement,Mandatory,State,"MA, USA",United States,42.36652,-71.9142,"Massachussetts Department of Energy Resources
Division of Capital Asset Management",Active,2021,2021,NA,NA,0,0,0,0,0,0,0,0,0,0,NA,"Buildings, Transportation",Project Level,State-Funded,"Buildings, Transportation, Land use",Net Zero,2050,"2025, 2030, 2040, 2050",LEED,NA,NA,NA,NA,NA,NA,NA,NA,NA,NA,NA,"https://www.mass.gov/executive-orders/no-594-leading-by-example-decarbonizing-and-minimizing-environmental-impacts-of-state-government#:~:text=All%20agencies%20shall%20assess%20and,goods%20and%20services%2C%20including%20vehicles.",https://ucsb.box.com/s/vplyasqh05swvylsy4naeyp6epsx44wv https://ucsb.box.com/s/vplyasqh05swvylsy4naeyp6epsx44wv,"Commonwealth of Massachusetts. (2021, September 16). Executive Order No. 594: Leading by example—Decarbonizing and minimizing environmental impacts of state government. Executive Office of the Governor. https://www.mass.gov/executive-orders/no-594-leading-by-example-decarbonizing-and-minimizing-environmental-impacts-of-state-government#:~:text=All%20agencies%20shall%20assess%20and,goods%20and%20services%2C%20including%20vehicles.",,
TRUE,State Of Wisconsin Clean Energy Plan,11/17/2023,"Hayes, Jackson","Irish, Hannah",3/6/2025,"The State of Wisconsin's Clean Energy Plan has a section dedicated to exploring low-carbon building materials procurement policies. This mostly consists of researching policies, conducting studies, developing a standardized method for evaluating and reporting embodied carbon emissions, and using EPDs.",Non-Statutory,Climate Commitment,0,0,1,0,Climate Action Plan,0,0,0,0,0,0,1,0,0,0,Reporting/Analysis Requirement,Both Mandatory and Voluntary Aspects,State,"WI, USA",United States,44.42804,-90.1298,State of Wisconsin,Active,2022,NA,NA,NA,0,0,0,0,0,0,0,0,0,0,NA,All construction,NA,"Public Projects, Private Projects",GHG Emissions,NA,NA,NA,NA,NA,NA,NA,NA,NA,NA,NA,NA,NA,NA,NA,https://osce.wi.gov/Documents/SOW-CleanEnergyPlan2022.pdf,https://app.box.com/file/1373128950151,Wisconsin Office of Sustainability and Clean Energy. (2022). Clean energy plan 2022. Wisconsin Office of Sustainability and Clean Energy. https://osce.wi.gov/Documents/SOW-CleanEnergyPlan2022.pdf,,
TRUE,Minnesota Buy Clean Study Bill,11/20/2023,"Hayes, Jackson","Irish, Hannah",3/6/2025,"Minnesota’s Buy Clean Buy Fair law kicks off a six-year working group called the Environmental Standards Procurement Task Force that will provide recommendations to the state for purchasing cleaner materials in public projects, as well as dates by which standards need to be developed for different building materials",Statutory,"Clean Procurement, Training & Education",0,1,0,1,"Buy Clean, Research Funding",1,0,0,0,0,0,0,0,1,0,Plan,NA,State,"MN, USA",United States,45.90157,-94.5699,State of Minnesota,Active,2021,2023,NA,"Carbon steel rebar, structural steel, concrete, asphalt paving mixtures",1,1,0,0,0,0,1,0,0,0,NA,"Buildings, Highways/Transportation",Product,"New construction or rennvation larger than 50,000 square feet, New construction/reconstruction of two or more lane-miles of truck highway",GHG Emissions,Carbon Neutrality,2050,NA,Type III EPD,NA,NA,NA,NA,NA,EPD,ISO 14025,NA,NA,NA,NA,https://www.revisor.mn.gov/bills/text.php?number=HF2310&type=bill&version=4&session=ls93&session_year=2023&session_number=0,https://ucsb.box.com/s/0dnpv3011dbhqao2nvn8302ox6jyk72o,Minnesota Legislature. (2023). HF2310 - 2023 Regular Session. Minnesota Legislature. https://www.revisor.mn.gov/bills/text.php?number=HF2310&type=bill&version=4&session=ls93&session_year=2023&session_number=0,,
TRUE,Quebec Wood Charter,12/3/2023,"Hayes, Jackson","Irish, Hannah",3/6/2025,"The Quebec Wood Charter is a policy that encourages the use of wood for all publicly-funded infrastructure projects. As a result of this policy, the provincial building code was updated to increase the maximum height for wood structures from four stories to six stories and taller. It also requires developers of government-funded projects to consider wood as a material option by requiring a comparative analysis of GHG emissions for structural materials.",Statutory,Building Codes/Planning,1,0,0,0,Zoning Incentives,0,0,0,0,1,0,0,0,0,0,Green Building Design,Voluntary,State,"Quebec, Canada",Canada,52.40298,-71.3353,"Ministry of Forestry, Wildlife, and Parks",Active,2019,2019,32121,Wood,0,0,0,0,0,0,0,1,0,0,A1-A3,Buildings,Project Level,Buildings over 4 stories high,NA,NA,NA,NA,NA,NA,NA,NA,NA,NA,NA,NA,NA,NA,NA,NA,https://mffp.gouv.qc.ca/wp-content/uploads/BilanCharteduBois_anglais.pdf,https://ucsb.box.com/s/xuln0wyin61n4qa1sx8dkfr0k86scgy1,Ministère de l'Énergie et des Ressources naturelles. (2017). Plan d’action pour la mise en valeur de la ressource bois 2017-2020 [Action plan for the development of the wood resource 2017-2020]. Gouvernement du Québec. https://diffusion.mern.gouv.qc.ca/public/Biblio/Mono/2017/07/1193408.pdf,,
TRUE,Executive Order (EO) 20-01 State Efficiency and Environmental Performance,12/10/2023,"Hayes, Jackson","Irish, Hannah",3/6/2025,"Washington State's Executive Order (EO) 20-01 has a section that requires new facility construction be zero-energy or zero-energy-capable, which includes the consideration of ""net-embodied carbon.""",Non-Statutory,Climate Commitment,0,0,1,0,Resolution/Declaration of Intent,0,0,0,0,0,0,0,1,0,0,Green Building Design,Mandatory,State,"Washington, USA",United States,47.50357,-120.773,Office of Jay Inslee,Active,2020,2020,NA,NA,0,0,0,0,0,0,0,0,0,0,NA,Buildings,Project Level,New Public Buildings,GHG Emissions,Net-Zero,NA,Net Zero embodied must be considered in new projects,NA,NA,NA,NA,NA,NA,NA,NA,NA,Project,NA,NA,https://governor.wa.gov/sites/default/files/exe_order/20-01%20SEEP%20Executive%20Order%20%28tmp%29.pdf,https://app.box.com/file/1385074989281,"Office of the Governor. (2020, January 8). Executive Order 20-01: State energy efficiency performance standard (SEEP). State of Washington. https://governor.wa.gov/sites/default/files/exe_order/20-01%20SEEP%20Executive%20Order%20%28tmp%29.pdf",,
TRUE,"Michigan Healthy Climate Plan; Buy Clean, Buy Michigan ",11/17/2023,"Hayes, Jackson","Irish, Hannah",3/6/2025,Subset of the MI Healthy Climate Plan focussed on procurement of low-carbon materials,Non-Statutory,Climate Commitment,0,0,1,0,Climate Action Plan,0,0,0,0,0,0,1,0,0,0,Product/Material-Specific Carbon Limits or Reductions,NA,State,"MI, USA",United States,43.29033,-84.5787,State of Michigan,Active,2022,2023,NA,NA,0,0,0,0,0,0,0,0,0,0,NA,"Buildings, all construction",Product Level,"Buildings, Infrastructure",GHG Emissions,NA,NA,NA,NA,NA,NA,NA,NA,NA,NA,NA,NA,NA,NA,NA,https://www.michigan.gov/egle/-/media/Project/Websites/egle/Documents/Offices/OCE/MI-Healthy-Climate-Plan.pdf?rev=d13f4adc2b1d45909bd708cafccbfffa&hash=99437BF2709B9B3471D16FC1EC692588,https://app.box.com/file/1373137782974,"Michigan Department of Environment, Great Lakes, and Energy. (2022). MI Healthy Climate Plan. Michigan Department of Environment, Great Lakes, and Energy. https://www.michigan.gov/egle/-/media/Project/Websites/egle/Documents/Offices/OCE/MI-Healthy-Climate-Plan.pdf?rev=d13f4adc2b1d45909bd708cafccbfffa&hash=99437BF2709B9B3471D16FC1EC692588",,
TRUE,State Of Wisconsin Clean Energy Plan,11/17/2023,"Hayes, Jackson","Irish, Hannah",3/6/2025,Subset of State of WI clean energy plan details the intent to set up carbon limits for procurement rules for low-carbon construction materials,Non-Statutory,Clean Procurement,0,1,0,0,Buy Clean,1,0,0,0,0,0,0,0,0,0,Product/Material-Specific Carbon Limits or Reductions,Mandatory,State,"WI, USA",United States,44.42804,-90.1298,State of Wisconsin,Active,2022,NA,3273,NA,0,0,0,0,0,0,0,0,0,0,NA,"Buildings, all construction",Product Level,"Buildings, Infrastructure",GHG Emissions,NA,NA,NA,NA,NA,NA,NA,NA,NA,NA,NA,NA,NA,NA,NA,https://osce.wi.gov/Documents/SOW-CleanEnergyPlan2022.pdf,https://app.box.com/file/1373131242934,Wisconsin Office of Sustainability and Clean Energy. (n.d.). Clean energy plan - DML - Summary. Wisconsin Office of Sustainability and Clean Energy. https://osce.wi.gov/Documents/Clean%20Energy%20Plan%20-%20DML%20-%20Summary%20(1).pdf,,
TRUE,California AB 2446,12/19/2023,"Hayes, Jackson","Irish, Hannah",3/6/2025,"This law builds on the 2017 Buy Clean California Act, mandating the Air Resources Board to develop a framework by July 1, 2025, for measuring and reducing carbon intensity in building materials, targeting a 40% net reduction in GHG emissions by 2035. Key requirements of the law include life cycle assessments for new large buildings, Environmental Product Declarations from manufacturers, and the establishment of a technical advisory committee to support implementation, indicating a broader future strategy for low-carbon building standards in California.",Statutory,"Building Codes/Planning, Training & Education",1,0,0,1,"Building Code Requirements, Research Funding",0,0,0,1,0,0,0,0,1,0,Reporting/Analysis Requirement,Mandatory,State,"CA, USA",United States,,,California Air Resources Board,Active,2023,2025,"331221, 3311, 327211, 321","Hot-Rolled Structural Steel, Hollow structural sections, steel plate, rebar, flat glass, light-density mineral wood board insulation, heavy-density mineral wood board insulation",0,1,0,0,0,0,0,0,1,1,A1-A3,Buildings,"Project, Product",Buildings,GHG Emissions,40% reduction of GHG emissions,2035,20% reduction of GHG emissions by 2030,Type III EPD,"Yes, See Supporting Documents",To be set 2027,NA,NA,NA,EPD,ISO 14025,NA,NA,NA,NA,https://leginfo.legislature.ca.gov/faces/billTextClient.xhtml?bill_id=202120220AB2446,https://app.box.com/file/1393341522732,California Legislature. (2022). Assembly Bill 2446 (2021-2022). California Legislature. https://leginfo.legislature.ca.gov/faces/billTextClient.xhtml?bill_id=202120220AB2446,,
TRUE,A.B.43: Greenhouse gas emissions: building materials: embodied carbon trading system.,3/8/2024,"Hayes, Jackson","Irish, Hannah",3/6/2025,AB 43 is a California legislative bill aimed at reducing greenhouse gas emissions associated with building materials. It amends existing laws to establish targets and frameworks for measuring and reducing the carbon intensity of materials used in construction projects. The bill also introduces the concept of an embodied carbon trading system to incentivize emissions reductions in the building sector.,Statutory,Building Codes/Planning,1,0,0,0,Building Code Requirements,0,0,0,1,0,0,0,0,0,0,Reporting/Analysis Requirement,Mandatory,State,"CA, USA",United States,37.22544,-119.856,California Air Resources Board,Active,2021,2027,"331221, 3311, 327211, 321","Hot-Rolled Structural Steel, Hollow structural sections, steel plate, rebar, flat glass, light-density mineral wood board insulation, heavy-density mineral wood board insulation",0,1,0,0,0,0,0,0,1,1,A1-A3,Buildings,Product,Buildings,GHG Emissions,"40% reduction of GHG emissions, Establishment of a embodied carbon trading system",2035,20% reduction of GHG emissions by 2030,Type III EPD,"Yes, See Supporting Documents",To be set 2027,NA,NA,NA,EPD,ISO 14025,NA,NA,NA,NA,https://leginfo.legislature.ca.gov/faces/billPdf.xhtml?bill_id=202320240AB43&version=20230AB4392ENR,California Legislature. (2023). Assembly Bill 43 (2023-2024). California Legislature. https://leginfo.legislature.ca.gov/faces/billPdf.xhtml?bill_id=202320240AB43&version=20230AB4392ENR,California Legislature. (2023). Assembly Bill 43 (2023-2024). California Legislature. https://leginfo.legislature.ca.gov/faces/billPdf.xhtml?bill_id=202320240AB43&version=20230AB4392ENR,,
TRUE,H.B. 1282: Requiring Environmental and Labor Reporting for Public Building Construction and Renovation Material.,5/5/2024,"Hayes, Jackson","Irish, Hannah",3/6/2025,"The bill mandates that firms engaged in large public construction or renovation projects report environmental and health product declarations, labor conditions, and additional data, while also establishing a public database managed by the Department of Commerce for this data. It also sets up a Buy Clean and Buy Fair Work Group to promote the use of low-carbon materials and uphold high labor standards in manufacturing.",Statutory,"Climate Commitment, Clean Procurement",0,1,1,0,"Climate Action Plan, Buy Clean",1,0,0,0,0,0,1,0,0,0,Plan,Mandatory,State,"WA, USA",United States,47.08181,-120.512,Department of Commerce,Active,2023,2024,"327390, 331110, 332312, 321213,321214","Concrete products, reinforcing steel products, sturctural steel, engineered wood",1,1,0,0,0,0,0,1,0,0,A1-A3,Buildings,Product,"Construction projects larger than 50,000 gross square feet",GHG Emissions,NA,NA,NA,Type III EPD,NA,NA,NA,NA,NA,EPD,ISO 14025,NA,NA,NA,NA,https://lawfilesext.leg.wa.gov/biennium/2023-24/Pdf/Bill%20Reports/House/1282%20HBR%20CB%2023.pdf,https://app.box.com/file/1521821087455,Washington State Legislature. (2023). House Bill Report 1282 (2023-24). Washington State Legislature. https://lawfilesext.leg.wa.gov/biennium/2023-24/Pdf/Bill%20Reports/House/1282%20HBR%20CB%2023.pdf,,
TRUE,H.B.0261: Eligible Projects - Procurement of Construction Materials (Buy Clean Maryland Act),3/20/2024,"Irish, Hannah","Irish, Hannah",3/6/2025,"Requiring producers of any cement or concrete mixture used in the construction of an eligible project to submit environmental product declarations to the Department of General Services by December 31, 2024; requiring the Department to establish a maximum acceptable global warming potential for certain categories of eligible materials by January 1, 2026; establishing an Environmental Product Declaration Assistance Fund to support the development of certain environmental product declarations; etc.",Statutory,Clean Procurement,0,1,0,0,Buy Clean,1,0,0,0,0,0,0,0,0,0,Product/Material-Specific Carbon Limits or Reductions,Mandatory,State,"MD, USA",United States,39.35514,-76.9225,Maryland Department of General Services,Active,2023,2026,3273,"Concrete, cement",1,0,0,1,0,0,0,0,0,0,A1-A3,Buildings,Product,NA,GHG Emissions,NA,NA,Reduce limits in 2029 and every 3 years after,Type III EPD,NA,NA,NA,Industry Average,3 Years,EPD,ISO 14025,NA,NA,NA,NA,https://mgaleg.maryland.gov/2023RS/bills/hb/hb0261E.pdf,https://ucsb.box.com/s/9yfb209n1l7qj4r4df7ppuycc3r7mqes,Maryland General Assembly. (2023). House Bill 261 - 2023 Regular Session. Maryland General Assembly. https://mgaleg.maryland.gov/2023RS/bills/hb/hb0261E.pdf,,
TRUE,Seattle Green Building Incentives (Priority Green Expedited),3/20/2024,"Irish, Hannah","Irish, Hannah",3/6/2025,"Construction projects can receive incentives for participating in different green building requirements including meeting goals for embodied carbon in building materials. Incentives include expedited permits, more leeway on zoning ordinances, etc. ",Statutory,Building Codes/Planning,1,0,0,0,"Zoning Incentives, Building Design Incentives",0,0,0,0,1,1,0,0,0,0,Reporting/Analysis Requirement,Voluntary,City,"Seattle, WA, USA",United States,47.58839,-122.31,City of Seattle,Active,2018,2019,NA,NA,0,0,0,0,0,0,0,0,0,0,NA,All Construction projects,Project,All Construction,"GHG Emissions, Water reduction",100 clean energy in buildings and vehicles,2050,NA,NA,NA,NA,NA,NA,NA,Application,NA,NA,NA,NA,NA,https://www.seattle.gov/sdci/permits/green-building,https://ucsb.box.com/s/pqmkq2emj76q8lhcgjp5e5dt96d9uzug,"City of Seattle, Department of Construction & Inspections. (n.d.). Green building. City of Seattle. https://www.seattle.gov/sdci/permits/green-building",,
TRUE,United Kingdom Voluntary Product Standards,3/21/2024,"Irish, Hannah","Irish, Hannah",3/6/2025,"The government announced that it will 1. work with industry to establish voluntary product standrads that businesses could choose to adopt to help promote their low carbon products to consumers, 2. Develop an embodied emissions reporting framework that could serve future carbon leakage and decarbonization policies and 3. carry out a further technical consultation in 2024 on voluntary product standards and embodied emissions reporting and continue to work closely with UK industry to develop these measures further",Non-Statutory,Climate Commitment,0,0,1,0,Climate Action Plan,0,0,0,0,0,0,1,0,0,0,Reporting/Analysis Requirement,Voluntary,National,United Kingdom,United Kingdom,51.09865,-0.11809,Department for Energy Security & Net Zero,Proposed,2023,NA,NA,NA,0,0,0,0,0,0,0,0,0,0,NA,NA,NA,NA,GHG Emissions,NA,NA,NA,NA,NA,NA,NA,NA,NA,NA,NA,NA,NA,NA,NA,https://www.gov.uk/government/consultations/addressing-carbon-leakage-risk-to-support-decarbonisation/outcome/factsheet-voluntary-standards-and-embodied-emissions-reporting,https://ucsb.box.com/s/ud6j1bslpgk0b337bn7lb0fo0s2eosmj,UK Government. (2023). Factsheet: Voluntary standards and embodied emissions reporting. GOV.UK. https://www.gov.uk/government/consultations/addressing-carbon-leakage-risk-to-support-decarbonisation/outcome/factsheet-voluntary-standards-and-embodied-emissions-reporting,,
TRUE,City of Emeryville Community Benefit Bonus Mass Timber,6/18/2024,"Irish, Hannah","Irish, Hannah",3/6/2025,"The City Council passed the first reading of an ordinance amending the Planning Regulations to add Mass Timber Construction as a community benefit eligible for development bonus points. Utilizing mass timber allows bonus points for projects making them more eligible for bonuses for height, floor area ratio (FAR),
and/or residential density ",Statutory,Building Codes/Planning,1,0,0,0,Zoning Incentives,0,0,0,0,1,0,0,0,0,0,Green Building Design,Both Mandatory and Voluntary Aspects,City,"Emeryville, CA, USA",United States,37.83353,-122.288,Emeryville City Council,Active,2022,2022,321,Timber,0,0,0,0,0,0,0,1,0,0,NA,Buildings,Project,Buildings,GHG Emissions,NA,NA,NA,NA,NA,NA,NA,NA,NA,NA,NA,NA,NA,NA,NA,https://www.ci.emeryville.ca.us/DocumentCenter/View/14071/Item-93---Mass-Timber-Construction,https://ucsb.box.com/s/ayx5wsd2gvxucapu244n4ejoor38cy35,City of Emeryville. (n.d.). Item 93: Mass timber construction. City of Emeryville. https://www.ci.emeryville.ca.us/DocumentCenter/View/14071/Item-93---Mass-Timber-Construction,,
TRUE,Boston Draft Net Zero Carbon Zoning Proposal,6/18/2024,"Irish, Hannah","Irish, Hannah",3/6/2025,"Beginning in 2026, new buildings in Boston with 15 units or more, a minimum of 20,000 sq. ft., and additions of a minimum of 50,000 sq. ft. or more to existing buildings, will be required to meet a net-zero emissions standard (i.e. BERDO 2050 CO2e Emissions Standard). Buildings shall demonstrate net zero emissions every year through the compliance pathways in the Building Emissions Reduction and Disclosure Ordinance (BERDO). The existing BERDO reporting and regulatory framework will enforce the annual emissions limits established under zoning.",Statutory,Building Codes/Planning,1,0,0,0,Building Code Requirements,0,0,0,1,0,0,0,0,0,0,Whole-Building Carbon Reduction,Mandatory,City,"Boston, CA",United States,42.33644,-71.0788,Boston Planning & Development Agency,Proposed,2024,2026,NA,NA,0,0,0,0,0,0,0,0,0,0,NA,Buildings,Project,"New Buildings with 15 units or more, a minimum of 20,000 sqft and additions of 50,000 sqft or more to existing buildings",GHG Emissions,Carbon neutrality,2050,NA,NA,NA,BERDO 2050 CO2e Emissions Standard,NA,NA,NA,NA,NA,NA,NA,NA,NA,https://www.bostonplans.org/getattachment/c63f67da-2877-4351-84de-067a1269846c,https://ucsb.box.com/s/psukuwzdpft51b0ecf8fclpjtxuxikrl,Boston Planning & Development Agency. (n.d.). [Title of the document]. Boston Planning & Development Agency. https://www.bostonplans.org/getattachment/c63f67da-2877-4351-84de-067a1269846c,,
TRUE,CALGreen 2022 Embodied Carbon Provisions,6/18/2024,"Irish, Hannah","Irish, Hannah",3/6/2025,"The CALGreen 2022 Intervening Code Adoption Cycle (effective July 1, 2024) includes new embodied carbon provisions. The code offers three paths of compliance: building reuse, WB LCA, or a prescriptive approach similar to Buy Clean California but with concrete. The code applies to nonresidential buildings greater than 100,000 sf and school projects over 50,000 sf in both adaptive reuse and new construction projects.",Statutory,Building Codes/Planning,1,0,0,0,Building Code Requirements,0,0,0,1,0,0,0,0,0,0,"Reporting/Analysis Requirement, Product/Material-Specific Carbon Limits or Reductions",Both Mandatory and Voluntary Aspects,State,"CA, USA",United States,37.22544,-119.856,California Building Standards Commission,Active,2022,2024,"3311, 327211, 32732",Concrete,1,0,0,0,0,0,0,0,0,0,A1-A3,Buildings,Project,"Commercial buildings 100,000 sqft and larger and schools 50,000 sq ft and larger",GHG Emissions,NA,NA,NA,"Industry-Wide Type III EPD, WB LCA ","Yes, See Supporting Documents",See document,NA,Industry Average,NA,"EPD, WB-LCA","ISO 14025, ISO 14044",NA,NA,NA,NA,https://www.dgs.ca.gov/-/media/Divisions/BSC/03-Rulemaking/2022-Intervening-Cycle/Pre-Cycle/CCRC-20220908/2022-09-08-ITEM-2d-Carbon-Reduction.pdf?la=en&hash=8F76E51A9E7493BE882364537DE0518E87865FD2,https://ucsb.box.com/s/3ypqk62rcraboy2u5jlax2d2zyvlx5au,California Building Standards Commission. (n.d.) Carbon Reduction Nonresidential Existing Regulations. https://www.dgs.ca.gov/-/media/Divisions/BSC/03-Rulemaking/2022-Intervening-Cycle/Pre-Cycle/CCRC-20220908/2022-09-08-ITEM-2d-Carbon-Reduction.pdf?la=en&hash=8F76E51A9E7493BE882364537DE0518E87865FD2,,
TRUE,U.S. Department of General Services P100 Facilities Standards for the Public Buildings Service,6/18/2024,"Irish, Hannah","Irish, Hannah",3/6/2025,The GSA-owned buildings internal design standard now includes a requirement for all new construction and major modernization projects to target a 20% embodied carbon reduction by performing a WBLCA,Statutory,Building Codes/Planning,1,0,0,0,Building Code Requirements,0,0,0,1,0,0,0,0,0,0,Whole-Building Carbon Reduction,Mandatory,U.S. County,USA,United States,40.94373,-101.352,Department of General Services,Active,2022,2022,NA,NA,0,0,0,0,0,0,0,0,0,0,A1-A3,Buildings,Project,All buildings owned by the US DGA,GHG Emissions,20% reduction in embodied carbon,NA,NA,Whole-Building Life-Cycle Assessment,NA,NA,kgCO2/m2,NA,NA,WB-LCA,ASTM E2921's Standard Practice for Comparing WBLCAs,NA,NA,NA,NA,https://www.gsa.gov/system/files/P100%202024%20Final_0.pdf,https://ucsb.box.com/s/5afot0q26cfu7xamidd5g2jw8bkyqrw9,General Services Administration. (2024). P100 2024: Facilities standards for the public buildings service. U.S. General Services Administration. https://www.gsa.gov/system/files?file=P100%202024%20Final%20%281%29.pdf,,
TRUE,New Jersey Low Embodied Carbon Concrete Leadership Act,6/18/2024,"Irish, Hannah","Irish, Hannah",3/6/2025,"Provides CBT tax credit for certain deliveries of low carbon concrete and for costs of conducting environmental product declaration analyses of low carbon concrete for projecs which require the purchase of 50 cubic yards or more of concrete. Concrete is considered ""low carbon"" if it certified to embody lower carbon emissions as measured by GWP than the baseline for conventional (not stated what the baseline is)",Statutory,Clean Procurement,0,1,0,0,Public Sector Incentives,0,0,1,0,0,0,0,0,0,0,Monetary Incentive Provision,Voluntary,State,"NJ, USA",United States,40.14664,-74.5817,NJ State Legislature,Active,2023,2024,3273,Concrete,1,0,0,0,0,0,0,0,0,0,A1-A3,Any construction or improvement project,Product,construction or improvement project that requires the purchase of 50 cubic yards or more of concrete,GHG Emissions,NA,NA,NA,Type III EPD,NA,"Below ""baseline""",NA,NA,NA,EPD,ISO 14025,NA,Product,50 cubic yards or more,NA,https://pub.njleg.gov/Bills/2022/S0500/287_I1.HTM,https://ucsb.box.com/s/zkeb1ynwsgua773xvg28oefbcbgts2as,New Jersey Legislature. (2022). Senate Bill 287 (2022). New Jersey Legislature. https://pub.njleg.gov/Bills/2022/S0500/287_I1.HTM,,
TRUE,Low-Carbon Transportation Materials Grants Program of Inflation Reduction Act,6/18/2024,"Irish, Hannah","Irish, Hannah",3/6/2025,"On March 12, 2024, FHWA announced $2 billion available to fund low carbon materials that create less pollution by reducing the levels of embodied greenhouse gas emissions, including concrete (and cement), glass, asphalt mix, and steel. In FHWA's Low Carbon Transportation Materials (LCTM) Program $1.2 Billion is available to State Departments of Transportation (including District of Columbia and Puerto Rico) through a Request for Applications (RFA) to fund activities and projects that advance the use of low carbon materials and products. This RFA approach will allow FHWA to quickly provide reimbursement or incentive funds to states to begin eligible activities and incorporate low carbon materials on construction projects now. In the coming months FHWA will also make available $800 million to target non-State applicants, including metropolitan planning organizations, local governments or agencies, Federally recognized tribes, Federal Lands Management Agencies, and other agencies through a Notice of Funding Opportunity (NOFO). FHWA encourages non-State applicants to partner with states on applications and projects.",Statutory,"Clean Procurement, Training & Education",0,1,0,1,"Public Sector Incentives, Research Funding",0,0,1,0,0,0,0,0,1,0,Monetary Incentive Provision,Voluntary,National,USA,United States,40.94373,-101.352,US Department of Transportation Federal Highway Administration,Active,2024,2024,"3273, 32412, 3272, 3311","Concrete/cement, Asphalt, Flat Glass, Steel",1,1,0,1,0,0,1,0,0,1,NA,Transportation projects,Product,State Department of Transportation projects,GHG Emissions,Net Zero Purchasing,2050,NA,NA,NA,NA,NA,NA,NA,SF-424 Application,NA,NA,NA,NA,NA,https://www.fhwa.dot.gov/lowcarbon/,https://ucsb.box.com/s/zkeb1ynwsgua773xvg28oefbcbgts2as,Grants.gov. (n.d.).Low Carbon Transportation Matrials Program. Grants.gov. https://grants.gov/search-results-detail/356233,,
TRUE,New York City Executive Order 23,6/18/2024,"Irish, Hannah","Irish, Hannah",3/6/2025,"Capital project agencies shall make their best efforts to incorporate low-carbon concrete specifications for all batch plant ready-mixed concrete used in capital projects and for concrete sidewalks, where such agency determines that such specifications are practicable and not preempted by State or Federal requirements. Capital project agency. In accordance with guidance from the Office, capital project agencies shall develop and submit action plans aimed at reducing embodied carbon in capital projects to the Office by October 1, 2023. Such agencies are encouraged to develop joint action plans.construction managers shall submit environmental product declarations (EPDs) to the Building Transparency database, a publicly available database of EPD",Statutory,Clean Procurement,0,1,0,0,Owner Procurement Guidelines,0,1,0,0,0,0,0,0,0,0,Product/Material-Specific Carbon Limits or Reductions,Mandatory,City,"New York City, NY, USA",United States,40.73993,-73.9862,New York City Mayor's Office,Active,2022,2023,"3311, 3273","Concrete, Steel",1,1,0,0,0,0,0,0,0,0,A1-A3,Any construction project,Product,Substantial reconstruction and new projects,GHG Emissions,Carbon Neutrality,2050,NA,"Type III EPD, Life Cycle Assessment",NA,NA,NA,NA,2 Years,EPD Type III; LCA,ISO 14025,NA,Product,NA,Building Transparency Database,https://www.nyc.gov/office-of-the-mayor/news/023-002/executive-order-23,https://ucsb.box.com/s/zkeb1ynwsgua773xvg28oefbcbgts2as,"New York City Mayor's Office. (2022, September 22). Executive Order 23. New York City Mayor's Office. https://www.nyc.gov/office-of-the-mayor/news/023-002/executive-order-23",,
TRUE,NSW Decarbonising Infrastructure Delivery,6/18/2024,"Irish, Hannah","Irish, Hannah",3/6/2025,Government construction projects must contract from suppliers which are able to certify lower embodied carbon materials through either a NABERS Embodied Carbon 4-star rating or other low-carbon/avoided carbon specification (not detailed) starting July 2024,Statutory,Clean Procurement,0,1,0,0,Owner Procurement Guidelines,0,1,0,0,0,0,0,0,0,0,"Reporting/Analysis Requirement, Product/Material-Specific Carbon Limits or Reductions",Mandatory,State,"New South Wales, Australia",Australia,-32.4791,147.8816,New South Wales Government,Active,2023,2024,NA,NA,0,0,0,0,0,0,0,0,0,0,NA,All construction projects,Product,NSW contracted construction projects,GHG Emissions,NA,NA,NA,NA,NA,NA,NA,NA,NA,NA,NA,NA,Product,NA,NA,https://www.dcceew.gov.au/sites/default/files/documents/esp-policy-reporting-framework.pdf,https://ucsb.box.com/s/11xjp9r5hh3ld7ud6d1art1e0pa8ddsb,"Department of Climate Change, Energy, the Environment and Water. (n.d.). ESP policy reporting framework. Australian Government. https://www.dcceew.gov.au/sites/default/files/documents/esp-policy-reporting-framework.pdf",,
TRUE,China Notice on Expanding the Scope of the Government Procurement Policy to Support Green Building Materials and Promote Improved Building Quality,6/18/2024,"Irish, Hannah","Irish, Hannah",3/6/2025,"Starting from November 2022, the government procurement policy of supporting green building materials and promoting the improvement of building quality will be implemented in 48 cities (districts) including Chaoyang District, Beijing (including the previous 6 pilot cities, see Appendix 1 for the specific list of cities). Projects included in the scope of policy implementation include government procurement projects such as hospitals, schools, office buildings, complexes, exhibition halls, convention and exhibition centers, gymnasiums, and affordable housing, including government procurement projects subject to the Tendering and Bidding Law. The relevant cities may choose to implement some projects first, and gradually expand the scope based on summarizing experience, so as to achieve full coverage of the implementation of government procurement project policies by 2025. It is encouraged to include other government investment projects in the scope of implementation.",Non-Statutory,Climate Commitment,0,0,1,0,Resolution/Declaration of Intent,0,0,0,0,0,0,0,1,0,0,Plan,Mandatory,National,China,China,35.8136,101.0382,Ministry of Finance Ministry of Housing and Urban-Rural Development Ministry of Industry and Information Technology,Active,2022,2022,NA,NA,0,0,0,0,0,0,0,0,0,0,NA,Buildings,Project,"government procurement projects such as hospitals, schools, office buildings, complexes, exhibition halls, convention and exhibition centers, gymnasiums, and affordable housing, including government procurement projects subject to the Tendering and Bidding Law",GHG Emissions,NA,NA,NA,NA,NA,NA,NA,NA,NA,NA,NA,NA,NA,NA,NA,https://www.gov.cn/zhengce/zhengceku/2022-10/25/content_5721569.htm,https://ucsb.box.com/s/kyu28r5eio5gotwezd3ta1g7327v5cvo,"State Council of the People's Republic of China. (2022, October 25). Notice on expanding the scope of government procurement to support green building materials and promote the improvement of building quality. The State Council of the People's Republic of China. https://www.gov.cn/zhengce/zhengceku/2022-10/25/content_5721569.htm",,
TRUE,California AB 1010,6/21/2024,"Irish, Hannah","Irish, Hannah",3/6/2025,"In California, the state legislature can regulate the state licensure requirements. AB 1010 is one example of the legislature creating such training and education requirements. Through AB 1010, which passed in 2021, all licensed architects in the state of California must go through five hours of continuing education every two years (when renewing their license) specifically on the topic of net-zero carbon design.",Statutory,Training & Education,0,0,0,1,Education,0,0,0,0,0,0,0,0,0,1,NA,Mandatory,State,"CA, USA",United States,37.22544,-119.856,California State Legislature,Active,2021,2021,NA,NA,0,0,0,0,0,0,0,0,0,0,NA,Buildings,NA,Buildings,GHG Emissions,NA,NA,NA,Continuing Ediuctation Credits,NA,NA,NA,NA,NA,NA,NA,NA,NA,NA,NA,https://aiacalifornia.org/press-room-releases/net-zero-carbon-continuing-education-signed-into-law/,https://ucsb.box.com/s/607tpep9euv34pecu3bhml3mofycdx5h,"AIA California. (2023, September 23). Net zero carbon continuing education signed into law. AIA California. https://aiacalifornia.org/press-room-releases/net-zero-carbon-continuing-education-signed-into-law/",,
TRUE,Industrial Deep Decarbonization Initiative,10/28/2024,"Irish, Hannah","Irish, Hannah",3/6/2025,"Pledge from Canada, Germany, US, and UK (Members of the Industrial Deep Decarbonisation Initiative or IDDI) include the following: 
Level 1: Starting no later than 2025, require disclosure of
the embodied carbonin cement/concrete and steel
procured for public construction projects
Level 2: Starting no later than 2030, conduct whole project life cycle assessments for all public construction projects, and, by 2050, achieve net zero emissions in all public construction projects. 
Level 3: Starting no later than 2030, require procurement of low emission cement/concrete and steel in public
construction projects, applying the highest ambition
possible under national circumstances. 
Level 4: Starting in 2030, require procurement of a share of cement and/or crude steel from near zero emission
material production for signature projects",Non-Statutory,Climate Commitment,0,0,1,0,Resolution/Declaration of Intent,0,0,0,0,0,0,0,1,0,0,Reporting/Analysis Requirement,Both Mandatory and Voluntary Aspects,International,Multiple ,Multiple,,,Industrial Deep Decarbonization Initiative,Active,2023,2025,"3273, 331110","Cement, concrete, steel",1,1,0,1,0,0,0,0,0,0,NA,All construction projects,"Project, Product",Public projects,GHG Emissions,Net zero emissions in public buildings and/or built infrastructure,NA,NA,Type III EPD,NA,NA,NA,NA,NA,EPD,ISO 14025,TBD,Product,NA,NA,https://www.industrialenergyaccelerator.org/wp-content/uploads/FINAL-The-GPP-Pledge-brochure-2023-update.pdf,https://ucsb.box.com/s/if68f42lf69kl7dfphwfqcuc03rvfs88,Industrial Energy Accelerator. (2023). The GPP pledge brochure 2023 update. Industrial Energy Accelerator. https://www.industrialenergyaccelerator.org/wp-content/uploads/FINAL-The-GPP-Pledge-brochure-2023-update.pdf,,
TRUE,"Brookline, MA Warrant Article 18 -- Use of Low-carbon Concrete",10/28/2024,"Irish, Hannah","Irish, Hannah",3/6/2025,"Resolution passed in Brookline, MA to use low-carbon concrete ""wherever feasible"" in construction where low-carbon concrete is defined as a product that emits at least 10% less carbon dioxide in its production compared to the average mixture used for a given application ",Statutory,"Climate Commitment, Clean Procurement",0,1,1,0,"Resolution/Declaration of Intent, Public Sector Incentives",0,0,1,0,0,0,0,1,0,0,Product/Material-Specific Carbon Limits or Reductions,Mandatory,City,"Brookline, MA, USA",United States,42.3318,71.1212,"Town of Brookline, Massachussetts",Active,2021,2021,3273,Concrete,1,0,0,0,0,0,0,0,0,0,NA,All construction projects,Product,All construction projects,GHG Emissiosn,NA,NA,NA,NA,NA,NA,NA,NA,NA,NA,NA,NA,NA,NA,NA,https://www.brooklinema.gov/DocumentCenter/View/25813/Advisory-Committee-ReportWA-18final101321?bidId=,https://ucsb.box.com/s/27m49ek4kf945v3yao65yvhu9h2rs5vq,"Brookline Advisory Committee. (2021, October 13). Advisory committee report WA-18 final. Town of Brookline. https://www.brooklinema.gov/DocumentCenter/View/25813/Advisory-Committee-ReportWA-18final101321?bidId=",,
FALSE,,,,,,,,,0,0,0,0,,0,0,0,0,0,0,0,0,0,0,,,,,,,,,,,,,,,,,,0,,0,,,,,,,,,,,,,NA,,,,,,,,,,,,,,,
FALSE,,,,,,,,,0,0,0,0,,0,0,0,0,0,0,0,0,0,0,,,,,,,,,,,,,,,,,,0,,,,,,,,,,,,,,,NA,,,,,,,,,,,,,,,
FALSE,,,,,,,,,0,0,0,0,,0,0,0,0,0,0,0,0,0,0,,,,,,,,,,,,,,,,,,0,,,,,,,,,,,,,,,,,,,,,,,,,,,,,,
FALSE,,,,,,,,,0,0,0,0,,0,0,0,0,0,0,0,0,0,0,,,,,,,,,,,,,,,,,,0,,,,,,,,,,,,,,,,,,,,,,,,,,,,,,
FALSE,,,,,,,,,0,0,0,0,,0,0,0,0,0,0,0,0,0,0,,,,,,,,,,,,,,,,,,0,,,,,,,,,,,,,,,,,,,,,,,,,,,,,,
FALSE,,,,,,,,,0,0,0,0,,0,0,0,0,0,0,0,0,0,0,,,,,,,,,,,,,,,,,,0,,,,,,,,,,,,,,,,,,,,,,,,,,,,,,
FALSE,,,,,,,,,0,0,0,0,,0,0,0,0,0,0,0,0,0,0,,,,,,,,,,,,,,,,,,0,,,,,,,,,,,,,,,,,,,,,,,,,,,,,,
FALSE,,,,,,,,,0,0,0,0,,0,0,0,0,0,0,0,0,0,0,,,,,,,,,,,,,,,,,,0,,,,,,,,,,,,,,,,,,,,,,,,,,,,,,
FALSE,,,,,,,,,0,0,0,0,,0,0,0,0,0,0,0,0,0,0,,,,,,,,,,,,,,,,,,0,,,,,,,,,,,,,,,,,,,,,,,,,,,,,,
FALSE,,,,,,,,,0,0,0,0,,0,0,0,0,0,0,0,0,0,0,,,,,,,,,,,,,,,,,,0,,,,,,,,,,,,,,,,,,,,,,,,,,,,,,
FALSE,,,,,,,,,0,0,0,0,,0,0,0,0,0,0,0,0,0,0,,,,,,,,,,,,,,,,,,0,,,,,,,,,,,,,,,,,,,,,,,,,,,,,,
FALSE,,,,,,,,,0,0,0,0,,0,0,0,0,0,0,0,0,0,0,,,,,,,,,,,,,,,,,,0,,,,,,,,,,,,,,,,,,,,,,,,,,,,,,
FALSE,,,,,,,,,0,0,0,0,,0,0,0,0,0,0,0,0,0,0,,,,,,,,,,,,,,,,,,0,,,,,,,,,,,,,,,,,,,,,,,,,,,,,,
FALSE,,,,,,,,,0,0,0,0,,0,,,,,,,,,,,,,,,,,,,,,,,,,,,0,,,,,,,,,,,,,,,,,,,,,,,,,,,,,,
FALSE,,,,,,,,,0,0,0,0,,0,,,,,,,,,,,,,,,,,,,,,,,,,,,0,,,,,,,,,,,,,,,,,,,,,,,,,,,,,,
FALSE,,,,,,,,,0,0,0,0,,0,,,,,,,,,,,,,,,,,,,,,,,,,,,0,,,,,,,,,,,,,,,,,,,,,,,,,,,,,,
FALSE,,,,,,,,,0,0,0,0,,,,,,,,,,,,,,,,,,,,,,,,,,,,,0,,,,,,,,,,,,,,,,,,,,,,,,,,,,,,
FALSE,,,,,,,,,0,0,0,0,,,,,,,,,,,,,,,,,,,,,,,,,,,,,0,,,,,,,,,,,,,,,,,,,,,,,,,,,,,,
FALSE,,,,,,,,,0,0,0,0,,,,,,,,,,,,,,,,,,,,,,,,,,,,,0,,,,,,,,,,,,,,,,,,,,,,,,,,,,,,
FALSE,,,,,,,,,0,0,0,0,,,,,,,,,,,,,,,,,,,,,,,,,,,,,0,,,,,,,,,,,,,,,,,,,,,,,,,,,,,,
FALSE,,,,,,,,,0,0,0,0,,,,,,,,,,,,,,,,,,,,,,,,,,,,,0,,,,,,,,,,,,,,,,,,,,,,,,,,,,,,
FALSE,,,,,,,,,0,0,0,0,,,,,,,,,,,,,,,,,,,,,,,,,,,,,0,,,,,,,,,,,,,,,,,,,,,,,,,,,,,,
FALSE,,,,,,,,,0,0,0,0,,,,,,,,,,,,,,,,,,,,,,,,,,,,,0,,,,,,,,,,,,,,,,,,,,,,,,,,,,,,
FALSE,,,,,,,,,0,0,0,0,,,,,,,,,,,,,,,,,,,,,,,,,,,,,0,,,,,,,,,,,,,,,,,,,,,,,,,,,,,,
FALSE,,,,,,,,,0,0,0,0,,,,,,,,,,,,,,,,,,,,,,,,,,,,,0,,,,,,,,,,,,,,,,,,,,,,,,,,,,,,
FALSE,,,,,,,,,0,0,0,0,,,,,,,,,,,,,,,,,,,,,,,,,,,,,0,,,,,,,,,,,,,,,,,,,,,,,,,,,,,,
FALSE,,,,,,,,,0,0,0,0,,,,,,,,,,,,,,,,,,,,,,,,,,,,,0,,,,,,,,,,,,,,,,,,,,,,,,,,,,,,
FALSE,,,,,,,,,0,0,0,0,,,,,,,,,,,,,,,,,,,,,,,,,,,,,0,,,,,,,,,,,,,,,,,,,,,,,,,,,,,,
FALSE,,,,,,,,,0,0,0,0,,,,,,,,,,,,,,,,,,,,,,,,,,,,,0,,,,,,,,,,,,,,,,,,,,,,,,,,,,,,
FALSE,,,,,,,,,,0,0,0,,,,,,,,,,,,,,,,,,,,,,,,,,,,,0,,,,,,,,,,,,,,,,,,,,,,,,,,,,,,
FALSE,,,,,,,,,,0,0,0,,,,,,,,,,,,,,,,,,,,,,,,,,,,,0,,,,,,,,,,,,,,,,,,,,,,,,,,,,,,
FALSE,,,,,,,,,,0,0,0,,,,,,,,,,,,,,,,,,,,,,,,,,,,,0,,,,,,,,,,,,,,,,,,,,,,,,,,,,,,
FALSE,,,,,,,,,,0,0,0,,,,,,,,,,,,,,,,,,,,,,,,,,,,,0,,,,,,,,,,,,,,,,,,,,,,,,,,,,,,
FALSE,,,,,,,,,,0,0,,,,,,,,,,,,,,,,,,,,,,,,,,,,,,0,,,,,,,,,,,,,,,,,,,,,,,,,,,,,,
FALSE,,,,,,,,,,0,0,,,,,,,,,,,,,,,,,,,,,,,,,,,,,,0,,,,,,,,,,,,,,,,,,,,,,,,,,,,,,
FALSE,,,,,,,,,,0,0,,,,,,,,,,,,,,,,,,,,,,,,,,,,,,0,,,,,,,,,,,,,,,,,,,,,,,,,,,,,,
FALSE,,,,,,,,,,0,0,,,,,,,,,,,,,,,,,,,,,,,,,,,,,,0,,,,,,,,,,,,,,,,,,,,,,,,,,,,,,
FALSE,,,,,,,,,,0,0,,,,,,,,,,,,,,,,,,,,,,,,,,,,,,0,,,,,,,,,,,,,,,,,,,,,,,,,,,,,,
FALSE,,,,,,,,,,0,0,,,,,,,,,,,,,,,,,,,,,,,,,,,,,,0,,,,,,,,,,,,,,,,,,,,,,,,,,,,,,
FALSE,,,,,,,,,,,0,,,,,,,,,,,,,,,,,,,,,,,,,,,,,,0,,,,,,,,,,,,,,,,,,,,,,,,,,,,,,
,,,,,,,,,,,0,,,,,,,,,,,,,,,,,,,,,,,,,,,,,,0,,,,,,,,,,,,,,,,,,,,,,,,,,,,,,
,,,,,,,,,,,0,,,,,,,,,,,,,,,,,,,,,,,,,,,,,,0,,,,,,,,,,,,,,,,,,,,,,,,,,,,,,
